1;'ezSKfFgQetN';'1. TZ Test Region';;1
2;'AK4e6bFu09C';'Dar es Salaam';;1
3;'INI4Hp84Z0U';'Geita';;1
4;'CVKcM66aReQ';'Mara';;1
5;'CzTcBeVD3O0';'Morogoro';;1
6;'yuWzqHuFcpm';'Mwanza';;1
7;'CLDlSnkGuGn';'Pwani';;1
8;'c6iUbckKiPs';'Shinyanga';;1
9;'HAEog3LreVI';'Simiyu';;1
10;'u2htKshXsga';'TZ Outlet 1';1;2
11;'V19IzuLlNG7';'TZ Outlet 2';1;2
12;'T1wKbYW1gB0';'Ilala';2;2
13;'qHiXeoV1iQ9';'Kinondoni';2;2
14;'eHxmJ87TBfG';'Temeke';2;2
15;'a8u2w3EVwt7';'Bukombe';3;2
16;'Pdwqw5pqFpG';'Chato';3;2
17;'BVIGnjzxtqP';'Geita';3;2
18;'vYT0GC8RhCC';'Mbogwe';3;2
19;'tRFo1KkC1Xg';'Nyang''hwale';3;2
20;'zQmSVqhVJcy';'Bunda';4;2
21;'LEiu73Qijqq';'Butiama';4;2
22;'yxD0VxAfL8W';'Musoma';4;2
23;'Uu52hnze6Oe';'Rorya';4;2
24;'E61z6LAPvTH';'Serengeti';4;2
25;'K6NKLsFNsuP';'Tarime';4;2
26;'C1RNwCQ1Bhq';'Gairo';5;2
27;'N4JrkGXGkiT';'Kilombero';5;2
28;'bYkKR902RkY';'Kilosa';5;2
29;'CzTcBeVD3O0';'Morogoro';5;2
30;'iC5aU89NEJ5';'Mvomero';5;2
31;'kZZn2j4dYfh';'Not set';5;2
32;'kF5853dWRAW';'Ulanga';5;2
33;'vpT97XjeBX4';'Ilemela';6;2
34;'EIyfbjgqZmI';'Kwimba';6;2
35;'Mc9gRN4fOar';'Magu';6;2
36;'uYszHBw9e0f';'Misungwi';6;2
37;'Y9FnnozoqwI';'Nyamagana';6;2
38;'Rm5cHMZBqJo';'Sengerema';6;2
39;'RfhRFmHUozx';'Ukerewe';6;2
40;'h1vjX0Eey0n';'Bagamoyo';7;2
41;'rMB5fewkP7I';'Kibaha';7;2
42;'BBcz1c28tAy';'Kisarawe';7;2
43;'H9OkYuMJQDf';'Mafia';7;2
44;'TRbRVdrte7j';'Mkuranga';7;2
45;'KJw8e1thHMG';'Rufiji';7;2
46;'HKJZKx05t1Y';'Kahama';8;2
47;'Yhle4E5Osf2';'Kishapu';8;2
48;'c8BCqZzP2Kz';'Shinyanga';8;2
49;'rINkbNYQLLO';'Bariadi';9;2
50;'ztph7vH2MEJ';'Busega';9;2
51;'ctM0o5e6mex';'Itilima';9;2
52;'GIdcmMh1Sit';'Maswa';9;2
53;'amb069p15mg';'Meatu';9;2
54;'WkQJFoOhaGI';'TZ outlet 1 test 1';10;3
55;'G4pCXZaXg24';'TZ outlet 1 test 2';10;3
56;'SnqysKk0vV2';'TZ outlet 2 test 1';11;3
57;'jOSzOQTqekM';'TZ outlet 2 test 2';11;3
58;'NcMjGIpLaLZ';'511KJ Gongo la Mboto (100019-9)';12;3
59;'guQhNsJQm5J';'Afya Head Quarters (100040-5)';12;3
60;'lenUQjOCZnT';'Airport Police (100069-4)';12;3
61;'xH0htnjSnrT';'Airport Tanzania (110667-3)';12;3
62;'qBX69jc1ZZB';'Airwing 603 ATS (100070-2)';12;3
63;'L4BBbhbFOyG';'Amana (100097-5)';12;3
64;'fJGXcmEBsub';'Bank Of Tanzania HQ (100210-4)';12;3
65;'lnHuSMowxZe';'Bonyokwa (100413-4)';12;3
66;'ix9Xc7i1yhq';'Buguruni (100463-9)';12;3
67;'tb4FXc2knK0';'Buyuni (100633-7)';12;3
68;'sdfAXvbwreT';'Chanika (100738-4)';12;3
69;'bXoOAIvdcmr';'D.I.T (100940-6)';12;3
70;'ZmCOWBsCber';'FFU Ukonga (101143-6)';12;3
71;'xe5Xss2ofvW';'Gerezani (101201-2)';12;3
72;'ArMD8xOmqgP';'Gongo la mboto (108487-0)';12;3
73;'fSQ9uPF2l69';'Guluka kwa lala (101264-0)';12;3
74;'uhvCU3cT3oy';'Ikulu (101681-5)';12;3
75;'P6Z7751I0M2';'Infectious Disease Center (101808-4)';12;3
76;'veXzLW8rCu4';'Kinyerezi (102978-4)';12;3
77;'Pl6vjyWNN8n';'Kitunda (103198-8)';12;3
78;'sk5eBtbl9C0';'Kivule (103216-8)';12;3
79;'uiqepjUfddf';'Kiwalani (103220-0)';12;3
80;'uAJ3GjlNDEv';'Lubakaya (103606-0)';12;3
81;'f0QXFpR8TfS';'Majohe (104067-4)';12;3
82;'hJZHS0ErruJ';'Makao Makuu ya Jeshi (MM Jeshi) (106409-6)';12;3
83;'FhlGjUC1R5H';'Mnazi Mmoja (105242-2)';12;3
84;'dI7tzQsrSlG';'Mongo la Ndege (105291-9)';12;3
85;'ydHBQCQl1fh';'Msongola (105495-6)';12;3
86;'g6W6DlS1rpL';'Muhimbili (105651-4)';12;3
87;'VFsBsvZBSyu';'Muhimbili Orthopaedic Institute (105267-9)';12;3
88;'FzYeStiV2lO';'Mvuleni (110562-6)';12;3
89;'nrirnCecN3j';'Mvuti (105778-5)';12;3
90;'WV6F7ZPCmim';'Ocean Road Cancer Institute (106880-8)';12;3
91;'ll9zWWhPbVL';'Pugu Kajiungeni (107039-0)';12;3
92;'pokHpPfvOE9';'Segerea (107347-7)';12;3
93;'kpm2scAp6KN';'Segerea Magereza (110568-3)';12;3
94;'JkMOWs5cfZw';'Tabata A (107696-7)';12;3
95;'qlAjHRkxysb';'Tabata Kisiwani (110550-1)';12;3
96;'ODXfNkBnGm5';'Tabata NBC (107699-1)';12;3
97;'GB7x9BZaPAQ';'Tanzania Breweries (107762-7)';12;3
98;'yppHPgKLNAh';'Tanzania Railways Corporation (TRC) (107880-7)';12;3
99;'g98YE0LFv5G';'Tazara Karakana (107792-4)';12;3
100;'YacZ3rxRJHS';'Traffic Police (107878-1)';12;3
101;'f4CuT0vRZOL';'TTCL (107892-2)';12;3
102;'MeIYlCTqPC6';'Ukonga chuo cha maafisa Magereza (110586-5)';12;3
103;'HDgVLem1LjF';'Ukonga Magereza (103950-2)';12;3
104;'lHijI5G2lrC';'Vingunguti (108265-0)';12;3
105;'xRtu6V5dPWP';'Yombo Ufundi (108390-6)';12;3
106;'QktFvjZHtco';'Yongwe (110575-8)';12;3
107;'XtpUniQBVfN';'Zingiziwa (108418-5)';12;3
108;'Gi18WXSZ5bf';'361 KJ (110625-1)';13;3
109;'iFCQXDcDfLa';'Ardhi University (108661-0)';13;3
110;'Xx8ouQML0Gu';'Baraka Mbezi (110772-1)';13;3
111;'AZ4PyUu5kYy';'Boko (100390-4)';13;3
112;'LSLbXbGgiGS';'Bunju (100577-6)';13;3
113;'iQWITQGuJMD';'Chuo Kikuu (108106-6)';13;3
114;'jFbI8KIUd85';'Emilio Mzena Memorial (101077-6)';13;3
115;'twsgA7WScsn';'Faraja (110628-5)';13;3
116;'YzqT8eKYCJx';'Goba (101229-3)';13;3
117;'lWcmnXgXBvi';'Hananasif (108644-6)';13;3
118;'sbsqHZL4OiB';'Holistic health care (110660-8)';13;3
119;'PRMLv1o1A1H';'J.S Babhra (102064-3)';13;3
120;'ADfTtVj4HTh';'JWTZ Changanyikeni (102113-8)';13;3
121;'nZytUo9gBHB';'JWTZ Ubungo (102117-9)';13;3
122;'gtTstGv9uT1';'Kambangwa (105906-2)';13;3
123;'SR62EbSP4kC';'Kawe (102508-9)';13;3
124;'h0Wp4h0sPug';'Kibamba (102572-5)';13;3
125;'Uqo8ba8Xo3O';'Kibwegele (102637-6)';13;3
126;'EXQ3zaqoHOe';'Kigogo (102710-1)';13;3
127;'DeMj3yhyaoS';'Kijitonyama (102761-4)';13;3
128;'pcvW31IU4ma';'Kiluvya (108442-5)';13;3
129;'gHh75ht1TNw';'Kimara (102900-8)';13;3
130;'iOqQhPawc6y';'Kisopwa (103133-5)';13;3
131;'dWXCpUbTUAS';'Kunduchi (103336-4)';13;3
132;'YPliAjVf5k6';'Kwembe (103407-3)';13;3
133;'f2XcTAVpxWO';'Kwembe Kati (103408-1)';13;3
134;'sKcr372xaDR';'Lugalo (103632-6)';13;3
135;'B6Av1GBsDbj';'Lugalo RCH (103633-4)';13;3
136;'KQEZVHABING';'Mabibo (103818-1)';13;3
137;'QuhWOCQmYPo';'Mabibo Hostel (103819-9)';13;3
138;'K1tJCTnpsGY';'Mabwepande (108643-8)';13;3
139;'GO11LC7r1zx';'Mabwepande (110496-7)';13;3
140;'d0gxHJHa08i';'Madale (103843-9)';13;3
141;'tGKphK1v4VR';'Magereza Boko (103954-4)';13;3
142;'QnC5rimfFkP';'Magomeni (108448-2)';13;3
143;'AcExVz3Uypk';'Makongo Juu (108450-8)';13;3
144;'cH2VNGdWYfp';'Makuburi (104137-5)';13;3
145;'SnoBxKYHPNn';'Mavurunza (104504-6)';13;3
146;'pic5r8dwaln';'Mbezi (104605-1)';13;3
147;'mt7hLCXd10H';'Mbezi (108687-5)';13;3
148;'li6YvjJY8ap';'Mbopo (104633-3)';13;3
149;'MsIZT5eoArp';'Mburahati (104658-0)';13;3
150;'SifqFuhhhjW';'Mbweni (104682-0)';13;3
151;'B8TntibxdF0';'Mbweni B (104683-8)';13;3
152;'npxV9uozdpv';'Mbweni JKT (110626-9)';13;3
153;'lfSek1tkABB';'Mlalakuwa (108706-3)';13;3
154;'xpRDyiLmlRW';'Mlalakuwa JKT (105229-9)';13;3
155;'bKiStpqNn6b';'Mpiji Magohe (105370-1)';13;3
156;'BrqtOK6xFBM';'Mpiji Mbweni (105371-9)';13;3
157;'eetOFT6NIDw';'Msakuzi (109431-7)';13;3
158;'avoHgFEi9hm';'Msewe (105453-5)';13;3
159;'dUQ5QnJFyeC';'Msumi (105506-0)';13;3
160;'zeiMsNyoO5z';'Mwananyamala (105905-4)';13;3
161;'FgkUNtgY19a';'Mwenge (106002-9)';13;3
162;'bze6yJHz41F';'Mzimuni (106052-4)';13;3
163;'oAEzupemXXU';'Ndumbwi (106279-3)';13;3
164;'kLZ9rqgXSQG';'Oysterbay Police (106945-9)';13;3
165;'Vp1uoFvmUHw';'Salasala (110385-2)';13;3
166;'THOZNFG3wkQ';'Sinza (107495-4)';13;3
167;'aFJ5vK8lhbR';'Tandale (107738-7)';13;3
168;'AiXJoEAG6E3';'Tegeta (107799-9)';13;3
169;'lz09xAXO9a0';'Ubungo JWTZ (107996-1)';13;3
170;'fH7xapivAn4';'UN (108103-3)';13;3
171;'QfrLnJ30wSY';'Ununio (108108-2)';13;3
172;'XCbixxEhUUJ';'Urafiki (108145-4)';13;3
173;'CayVdsy88Oj';'Water Resources Institute (108324-5)';13;3
174;'Yto7zRrBH1N';'Wazo (108354-2)';13;3
175;'lKxxQLBK6YQ';'Bandari (100305-2)';14;3
176;'VdABBcWJjr4';'Buyuni (100632-9)';14;3
177;'UyPrLjWZWgN';'Buza (100634-5)';14;3
178;'lIOx4X3XSRa';'Chamazi (100714-5)';14;3
179;'h4k8YhQenLP';'Chang''ombe (110518-8)';14;3
180;'WlLETDzB2hb';'Chekeni mwasonga (100758-2)';14;3
181;'QyWnknyPd1H';'Gezaulole (101206-1)';14;3
182;'hIDT7aorq1y';'Gomvu (101242-6)';14;3
183;'WVQOFxtjgsG';'Keko Mwanga (102531-1)';14;3
184;'oxWC48b8RlO';'Keko Prison (102532-9)';14;3
185;'NIGUJMYlq8H';'Kibada (102567-5)';14;3
186;'iDRmEbdzYMv';'Kibugumo (102623-6)';14;3
187;'YxELPtuoNA8';'Kichemchem (102646-7)';14;3
188;'Efg5WK91NJU';'Kigamboni (102693-9)';14;3
189;'tP1hjiswVRo';'Kijichi (102758-0)';14;3
190;'k0G2LfefMEk';'Kilakala (102808-3)';14;3
191;'qN8tKscHD0n';'Kimbiji (102905-7)';14;3
192;'IGPCX2KLDz6';'Kingugi (102954-5)';14;3
193;'zj5QPWKoR04';'Kingugi (110816-6)';14;3
194;'ZxyGptAj0pw';'Kisarawe II (103080-8)';14;3
195;'Of6yacIrOfS';'Maji matitu (104059-1)';14;3
196;'Lso3fhEOupr';'Makangarawe (104082-3)';14;3
197;'dXbaLWDjMmx';'Mbagala Kizuiani (110277-1)';14;3
198;'ppjvEW5aK3K';'Mbagala Kuu (110815-8)';14;3
199;'E5V150focYo';'Mbagala Rangi Tatu (104547-5)';14;3
200;'oTf3zgT6V41';'Mbagala Round Table (110276-3)';14;3
201;'tZkNqOSVJ2N';'Mbande (104565-7)';14;3
202;'xoC187TZeZs';'Mbutu (104664-8)';14;3
203;'zPbV3ZoxOrt';'Mgulani JKT (104791-9)';14;3
204;'KDIiUq6MUSM';'Mgulani TPDF (104792-7)';14;3
205;'l3fMLrD1JVC';'Mikwambe (104921-2)';14;3
206;'YdYXOoAHdWd';'Mjimwema (105029-3)';14;3
207;'zr9aYUTSntE';'Mkamba (105046-7)';14;3
208;'dXHuzM2YSgl';'Mtoni (110283-9)';14;3
209;'M6qyxvkElHh';'Mtoni Kijichi Police (110696-2)';14;3
210;'D8QijmLsjD6';'Mwongozo (106036-7)';14;3
211;'uKY2EIlMpJ2';'Mzinga (106053-2)';14;3
212;'nQfhP0zb9jT';'Navy Kigamboni (106221-5)';14;3
213;'a1ptG0ePIY0';'Nunge (110527-9)';14;3
214;'W4EtCsoFU3g';'Pembamnazi (110731-7)';14;3
215;'eW2bDupKbdg';'Sandali (110280-5)';14;3
216;'slrZH2sL50f';'Sigara Yombo Vituka (107459-0)';14;3
217;'DrNH1iH9WDE';'Tambukareli (110560-0)';14;3
218;'A2GdSWZUiiM';'Tazara Station (107793-2)';14;3
219;'jkatB1PI7KX';'TCC (107794-0)';14;3
220;'BLJ6tQlM7MY';'Temeke (107806-2)';14;3
221;'s3ltgz00TzT';'The Mwalimu Nyerere Memorial Academy (110697-0)';14;3
222;'NZLjUcfJkIy';'Toangoma (107855-9)';14;3
223;'UAZVzYrzGQD';'Tundwi Songani (107948-2)';14;3
224;'CdKKQUg8G13';'Uwanja wa Taifa (110695-4)';14;3
225;'sowpqNYWnjA';'Vijibweni (108256-9)';14;3
226;'fQU3jyeQdFw';'Yale Yale Puna (110689-7)';14;3
227;'JFB3W17cu4h';'Yombo Vituka (108392-2)';14;3
228;'GPR6Kojhlrl';'Bugando (100437-3)';15;3
229;'WOreJnpt98Q';'Bugelenga (100449-8)';15;3
230;'PfMoC8pCSwx';'Bukombe (100510-7)';15;3
231;'zZyGa74ftLE';'Bukombe (100511-5)';15;3
232;'jfdblqA7N6t';'Bulega (100531-3)';15;3
233;'FNJ6AilH26U';'Ikuzi (101696-3)';15;3
234;'HDkJLEP35DG';'Iyogelo (102042-9)';15;3
235;'DtYX6cVz0ys';'Miyenze (109727-8)';15;3
236;'TI8YVLMGxoP';'Msasani (105442-8)';15;3
237;'TTBARb4IY4s';'Msonga (109866-4)';15;3
238;'cNqpW7R5S51';'Namonge (106149-8)';15;3
239;'yBmVyvv1iax';'Nasihukulu (109306-1)';15;3
240;'lZ4yTNGCAJY';'Ushirombo (108177-7)';15;3
241;'NL9rRnQDl9w';'Uyovu (108233-8)';15;3
242;'e6qtqN9JAx4';'Busaka (100580-0)';16;3
243;'CpZ2VJULt6G';'Buseresere (109820-1)';16;3
244;'h1bXSUXDQw1';'Butarama (109819-3)';16;3
245;'BFCSb2CfEFK';'Butengorumasa (109747-6)';16;3
246;'zoEzdaJ0xNO';'Buziku (100638-6)';16;3
247;'sznaEz4eXWO';'Buzirayombo (100640-2)';16;3
248;'l7lzaYMXhMP';'Bwanga (100650-1)';16;3
249;'DN0KloW15wL';'Chato (100751-7)';16;3
250;'vDzhybyusIT';'Ichwankima (101466-1)';16;3
251;'VoVqvLeQ4W3';'Ihanga (101607-0)';16;3
252;'l6Vtsvf0Pgi';'ILemela (101734-2)';16;3
253;'F7pS3dXi1LK';'Ilyamchele (109718-7)';16;3
254;'f0d6ApKQFia';'Kachwamba (102150-0)';16;3
255;'vAFkbjEad8x';'Kasala (102393-6)';16;3
256;'eYPZS5xKY6f';'Kasenga (102417-3)';16;3
257;'IGduwj8UTw4';'Katende (102470-2)';16;3
258;'BDVbHIzSN9H';'Katete (102475-1)';16;3
259;'iarTtB55yr5';'Kibehe (102592-3)';16;3
260;'THxCtcSLSLv';'Kibumba (102626-9)';16;3
261;'ywgeDC2Im2i';'Kigongo (102721-8)';16;3
262;'gpjnC7dwTOw';'Makurugusi (104145-8)';16;3
263;'UKjOuALFJrj';'Mkungo (105138-2)';16;3
264;'lkjb9zVIPnw';'Nyabilezi (106632-3)';16;3
265;'GtRSIJdEqSo';'Nyambiti (106709-9)';16;3
266;'LpZivNah8ob';'Nyamirembe (106733-9)';16;3
267;'VZPAc7HawOf';'Nyantimba (106790-9)';16;3
268;'nQIzI8ViDnD';'Bugulula (100461-3)';17;3
269;'toEAUwskVZI';'Bukoli (100509-9)';17;3
270;'p6ozpHXA7Xf';'Bukondo (100513-1)';17;3
271;'LeCDlDGb4HW';'Bulela (100533-9)';17;3
272;'mpgNcZjQ6YG';'Bunegezi (100569-3)';17;3
273;'gKGXEOK6d8K';'Bung''wangoko (100576-8)';17;3
274;'YVPoCt9DSxW';'Busanda (100585-9)';17;3
275;'nHqQEdvKiJN';'Butwa (100626-1)';17;3
276;'HmeYSixic8M';'Buyagu (100627-9)';17;3
277;'sQSAnsZTRza';'Buziba (100637-8)';17;3
278;'ox7TqFAysei';'Chibingo (100776-4)';17;3
279;'s72yIFyPQA2';'Chigunga (100791-3)';17;3
280;'ZVxIYDLdolO';'Chikobe (100798-8)';17;3
281;'v4037JPZOhe';'Fulwe (101158-4)';17;3
282;'DZOeWqbmiqX';'Geita (101192-3)';17;3
283;'a7PjFwrboES';'Ibondo (101446-3)';17;3
284;'zd0CKU4re5z';'Igate (109341-8)';17;3
285;'Eb865YoFQWS';'Inyala (109782-3)';17;3
286;'oN6zmcq6T53';'Isima (101913-2)';17;3
287;'xDlhAy2KLiK';'Izumacheli (102057-7)';17;3
288;'PrdUzIKsUNX';'Kagu (102174-0)';17;3
289;'rZAC3wENWZO';'Kakubilo (102213-6)';17;3
290;'DEiEc46cXNm';'Kasamwa RHC (102394-4)';17;3
291;'XRqUIe8Bgfb';'Kasang''wa (102404-1)';17;3
292;'e5ZEB1oEmMI';'Kaseme (102415-7)';17;3
293;'ZcW2XiASlDN';'Kashishi (102433-0)';17;3
294;'IDQeT9LwLvK';'Kasota (109270-9)';17;3
295;'mlBirc4mUMd';'Katoma (102482-7)';17;3
296;'BA9QUsf7cxE';'Katoro (102484-3)';17;3
297;'WagXeKS2TsY';'Kifufu (102681-4)';17;3
298;'ChWNG1gviz6';'Kishinda (103101-2)';17;3
299;'vlmyYkCewKv';'Lubanga (103609-4)';17;3
300;'STRQ1mQ2Hg3';'Lubondo (103613-6)';17;3
301;'hxB4pfNfYXR';'Lwamgasa (103781-1)';17;3
302;'nISbG1GszJG';'Lwenzera (103788-6)';17;3
303;'rMXzIa1vuwY';'Mharamba (104801-6)';17;3
304;'SVd33uDRABJ';'Msasa (105440-2)';17;3
305;'RC1b3MkGBpM';'Munekezi (105686-0)';17;3
306;'e2qj36x7xJL';'Mwamitilwa (105886-6)';17;3
307;'sxHEKw8lRJZ';'Ndelema (106245-4)';17;3
308;'fwhWu3VU3k4';'Nkome (106534-1)';17;3
309;'da5ID8Vj5q9';'Nyakaduha (106653-9)';17;3
310;'a2YI36iNbRv';'Nyakagwe (106655-4)';17;3
311;'BaDu82uoh05';'Nyalwanzaja (106683-6)';17;3
312;'NYSip8AwV2H';'Nyamalimbe (106697-6)';17;3
313;'mt740ohgYzz';'Nyamilyango (109667-6)';17;3
314;'pKHcOLqBI6w';'Nyamwilimilwa (106753-7)';17;3
315;'P1dnJ5q56XV';'Nyamwilolelwa (106755-2)';17;3
316;'eASTKULAl1C';'Nyankumbu (106785-9)';17;3
317;'YCkRghusoAw';'Nyarugusu (106806-3)';17;3
318;'ukKBGen3Cec';'Nzera (106871-7)';17;3
319;'FtJqTX23mro';'Senga (107366-7)';17;3
320;'anukACiIBD2';'Budoda (100432-4)';18;3
321;'AU5pZTUDq6K';'Bukadwe (100494-4)';18;3
322;'LfZq4O7yQRQ';'Bulugala (100545-3)';18;3
323;'TCzXzQF3REW';'Bunyihuna (100579-2)';18;3
324;'Fbrojg9lRhk';'Bwelwa (100655-0)';18;3
325;'ugktbiz7Jdh';'Iboya (101450-5)';18;3
326;'M9JeZUYUi7I';'Ikobe (109714-6)';18;3
327;'PYDlpuRyWsr';'Ikunguigazi (101686-4)';18;3
328;'w4j2SxHPpd2';'Ilangale (109139-6)';18;3
329;'aBgsy4JMSTd';'Ilolangulu (101751-6)';18;3
330;'bbxDAZhn0wT';'Iponya (101836-5)';18;3
331;'CStml80hjj4';'Kabanga (102131-0)';18;3
332;'gQo82mXVzgH';'Kagera (109760-9)';18;3
333;'yEZ10ufsrE6';'Kanegele (102312-6)';18;3
334;'Kd8rk9vzPjV';'Lugunga (103655-7)';18;3
335;'jK2Z8lMfHQK';'Lulembela (103703-5)';18;3
336;'QxSLxFjGymL';'Masumbwe (104429-6)';18;3
337;'cbrIj47ztoV';'Mbola (104625-9)';18;3
338;'Y4Zsu2gGpui';'Mlange (105193-7)';18;3
339;'Uj8nB3YkmZG';'Mpakali (105327-1)';18;3
340;'vNEwxwgoLdg';'Nambumbi (106128-2)';18;3
341;'llRckAepnU3';'Nanda (106163-9)';18;3
342;'td68mRZizCV';'Ngemo (106371-8)';18;3
343;'sLVTNwPj7j6';'Nhomolwa (106469-0)';18;3
344;'AScwthvU6tp';'Nhungwiza (106470-8)';18;3
345;'Yvgm2RrR4JA';'Nyakafuru (106654-7)';18;3
346;'PZOIfyVtYAk';'Nyang''holongo (106768-5)';18;3
347;'fSRDHUcnCYI';'Nyang''wale (106776-8)';18;3
348;'GFtVEDeq1nu';'Nyanhwiga (106779-2)';18;3
349;'XdoACIw5oEx';'Nyanshimba (106787-5)';18;3
350;'esVHe4YL3Dj';'Nyasato (106820-4)';18;3
351;'qVxjSgkAzMa';'Ushirika (108175-1)';18;3
352;'pUl44N4VIdr';'Bukwimba (100524-8)';19;3
353;'AkAuOJBZFjP';'Busolwa (100607-1)';19;3
354;'AwuT1GTOkmT';'Iyenze (109388-9)';19;3
355;'MmDu4ASkkJp';'Kafita (102154-2)';19;3
356;'owOmTjH2lYT';'Kakola (102209-4)';19;3
357;'WMwu3BhlzSo';'Kayenze (102515-4)';19;3
358;'pbRXWEgS1p8';'Kharumwa (102551-9)';19;3
359;'R8Pwvua23uL';'Kitongo (103189-7)';19;3
360;'H8CQNC75lHi';'Lyulu (103804-1)';19;3
361;'cLBuTV5fDLN';'Mwingiro (106023-5)';19;3
362;'nQdIG6x9WXC';'Nyalubele (109618-9)';19;3
363;'WMyeyWb8Ajh';'Nyamikonze (109389-7)';19;3
364;'lNlu5pFW6tz';'Nyang''hwale (106770-1)';19;3
365;'q1WSCCMgSRR';'Nyangalamila (106763-6)';19;3
366;'QdYYGKB2cd1';'Nyijundu (106852-7)';19;3
367;'FILwIK6fScX';'Nyugwa (106860-0)';19;3
368;'z09VcKN4g7h';'Shabaka (107386-5)';19;3
369;'V0rT4uF4wJA';'Bitaraguru (109615-5)';20;3
370;'caGonnhq66f';'BOMA (100393-8)';20;3
371;'KmLs0fyBIoK';'Bukore (109684-1)';20;3
372;'Lfuzwf9Eq0F';'Bulamba (100526-3)';20;3
373;'CvFio02EtsH';'Bunda (100565-1)';20;3
374;'XiitivAUm1d';'Bunda Magereza (109824-3)';20;3
375;'HvKwxqLKIoq';'Busambara (100583-4)';20;3
376;'fQUiPlQiIez';'Changuge (109377-2)';20;3
377;'DiZBnlQhJQQ';'Guta (101277-2)';20;3
378;'jSGNfbncajp';'Hunyari (101404-2)';20;3
379;'snGTapVH0Hj';'Igundu (101587-4)';20;3
380;'O05z4ezdvTc';'Ikizu (101652-6)';20;3
381;'zYVHiJSv2jf';'Iramba (101847-2)';20;3
382;'U1C6sjA3Mlw';'Kabainja (109685-8)';20;3
383;'l3fk4u8hkhy';'Kabasa (102137-7)';20;3
384;'kcGfMQe7EOx';'Kangetutya (102325-8)';20;3
385;'N3dWqailzF0';'Karukekere (102387-8)';20;3
386;'if9jEeq1Y6Q';'Kasahunga (102391-0)';20;3
387;'hcs5LPw6mDH';'Kasuguti (102450-4)';20;3
388;'wU1Q2cc12EC';'Kihumbu (109748-4)';20;3
389;'q5ZeQCmFbFi';'Kiloleri (109756-7)';20;3
390;'OyYecj9divm';'Kinyambwiga (109343-4)';20;3
391;'Uwoy1s81aiF';'Kisorya (103134-3)';20;3
392;'yubgXeA7tk7';'Kunzugu (103340-6)';20;3
393;'iG52A1JWyvB';'Kurusanga (103344-8)';20;3
394;'bQdXwM3f5MU';'Manchimweru (104217-5)';20;3
395;'NqLktbW2KoN';'Manyamanyama (104277-9)';20;3
396;'XKXh16wh600';'Marambeka (104311-6)';20;3
397;'BhgxujKDjwn';'Mariwanda (104350-4)';20;3
398;'aREgFrB77up';'Mcharo (104688-7)';20;3
399;'X50ClBttAsN';'Mekomariro (104724-0)';20;3
400;'oDWNAAep7H6';'Mihale (104886-7)';20;3
401;'OMA4y80t9Lw';'Mihingo (104891-7)';20;3
402;'D22AeFzjH9a';'Mkono Huruma (105109-3)';20;3
403;'Ua1pqfcN2Ul';'Mugeta (105629-0)';20;3
404;'GQb8WwAWdJ7';'Mwiruruma (106025-0)';20;3
405;'mo4KcXaQgr6';'Mwitende (109338-4)';20;3
406;'BmZdCNtXC4x';'Nafuba (106067-2)';20;3
407;'kCQ6Q28ahgJ';'Namalama (109689-0)';20;3
408;'ED1BtrLwFE9';'Namuhula (106156-3)';20;3
409;'pgfqVFbEFqs';'Nansimo (106190-2)';20;3
410;'RMLmxlb1u2g';'Neruma (109623-9)';20;3
411;'yD5lIxodpbH';'Nyaburundu (106641-4)';20;3
412;'xCcpIBfXDZE';'Nyamatoke (106704-0)';20;3
413;'C7TLkJdR8LF';'Nyangere (106767-7)';20;3
414;'ymn3g0srIZr';'Nyatwali (109422-6)';20;3
415;'OvQugW5tqOl';'Salama A (107245-3)';20;3
416;'UtQjA0SjISk';'Salama Kati (107246-1)';20;3
417;'v9Re6v0BDCU';'Sarawe (107302-2)';20;3
418;'OZQvcHuKdvO';'Sazira (107321-2)';20;3
419;'MUR7JinEMuK';'Sunsi (107678-5)';20;3
420;'v26MrDMK1Zb';'Tamau (107723-9)';20;3
421;'ueFhaoklf7d';'Baranga (100325-0)';21;3
422;'zqC0VlEZz3t';'Bisumwa (100375-5)';21;3
423;'Py7l8bIvzxo';'Buhemba (100473-8)';21;3
424;'C3Jrzz5sCzT';'Bumangi govt (100552-9)';21;3
425;'Rk9kacigtm9';'Buruma (100015-7)';21;3
426;'lGpc0H9SVrW';'Busegwe (100591-7)';21;3
427;'wGjBq4E6YUa';'Butiama (100619-6)';21;3
428;'C21E5N2TMo9';'Butuguri (100624-6)';21;3
429;'OPrgPqeOiHe';'Isaba (109419-2)';21;3
430;'a8zLUlgJLl9';'Kamgendi (102290-4)';21;3
431;'iaCic0hs44Q';'Kamugegi (102297-9)';21;3
432;'z5vDmTgzwxY';'Kiabakari JWTZ (102559-2)';21;3
433;'SG4b51Kr4Bv';'Kiabakari Magereza (102560-0)';21;3
434;'MOLq0ouf2GQ';'Kiagata (102562-6)';21;3
435;'XIRylBOD3xb';'Kirumi (109399-6)';21;3
436;'dYh6AV3vtZj';'Kizaru (103242-4)';21;3
437;'upuC98Ql0f6';'Kyamajoje (109395-4)';21;3
438;'OUCH7VaDexU';'Kyawazarwe (103427-1)';21;3
439;'NzYamf3c43P';'Magana (103904-9)';21;3
440;'v6XT98crNxl';'Masurura (104430-4)';21;3
441;'EVmlh2wtRCt';'Matongo (109612-2)';21;3
442;'JboCLMD7pQ3';'Mirwa (104968-3)';21;3
443;'m8mHBgOewiF';'Muriaza (109383-0)';21;3
444;'h9tFeLEzzFB';'Mwanzaburiga (105951-8)';21;3
445;'xDmRWXA9sMt';'Mwibagi (106013-6)';21;3
446;'n5p1v5Ns5y3';'Nyabange (106629-9)';21;3
447;'QiLFrSrCyTZ';'Nyamika (106725-5)';21;3
448;'udLdow49k7G';'Nyamisisi (106736-2)';21;3
449;'gGapitfOoVC';'Nyankanga (106781-8)';21;3
450;'fwCfaC4Wofu';'Nyasirori (106827-9)';21;3
451;'MFYTuf2MtoS';'Nyegina (106838-6)';21;3
452;'CJ4en7Df7eu';'Rwamkoma (107194-3)';21;3
453;'S8Sx8x6ZRMJ';'Rwamkoma JKT (107195-0)';21;3
454;'kHARiiPMrUd';'Ryamgabo (107207-3)';21;3
455;'DLiJ0sC7Ovb';'Ryamisanga (107208-1)';21;3
456;'WtIynvPKpBm';'Wegero (108355-9)';21;3
457;'FpV41zDNhPR';'Bugoji (100457-1)';22;3
458;'ueefaDhtnhO';'Bugunda (100462-1)';22;3
459;'cw9yLfhLq98';'Buhare (100471-2)';22;3
460;'u4p56fStLhe';'Bukima (100503-2)';22;3
461;'kq3LUzsIYDY';'Busungu (100615-4)';22;3
462;'sk8jFFdSASZ';'Bwai (100645-1)';22;3
463;'yyjhuiEmEMV';'Bweri (100658-4)';22;3
464;'xnmafIffUC5';'Chirorwe (109796-3)';22;3
465;'jrg03Wt4deU';'Chitare (100849-9)';22;3
466;'aSVw4jZpOfY';'Etaro JW (101113-9)';22;3
467;'CvQrG4oilmw';'Iringo (101858-9)';22;3
468;'uSBBNxO3jss';'Kihemba (102739-0)';22;3
469;'y9Kfr5Ie1dv';'Kiriba (103032-9)';22;3
470;'XpN20BDbg9d';'Kome (103287-9)';22;3
471;'QbXo2aX9pYX';'Kurugee (103342-2)';22;3
472;'m37ERPYlARB';'Kwangwa (103384-4)';22;3
473;'vvUKkXgxWuW';'Kwikuba (103416-4)';22;3
474;'ZVkLTkDfCZB';'Magereza (103934-6)';22;3
475;'Nb4CR690bSY';'Makoko (104110-2)';22;3
476;'IWhyi6GOuGe';'Makoko JW (104112-8)';22;3
477;'ffpz9TtfsyU';'Masinono (104413-0)';22;3
478;'rnxyo0mFSg0';'Murangi (105700-9)';22;3
479;'xyaxIMWCfG7';'Musoma (105721-5)';22;3
480;'Mg3DBefnmXg';'Musoma Police (105722-3)';22;3
481;'T62RrpGq2Tw';'Mwalimu Nyerere Medical Centre (109847-4)';22;3
482;'JRY2yNxSH0c';'Mwisenge (106026-8)';22;3
483;'cs4EKkXcu7D';'Nyakatende (106665-3)';22;3
484;'ZaxP3TptVPV';'Nyamatare (106701-6)';22;3
485;'Q2vS9oyYjtr';'Nyambono (106711-5)';22;3
486;'kSqtqq10ZWq';'Nyasho (106826-1)';22;3
487;'oNhc0vSutxg';'Rukuba (107152-1)';22;3
488;'LaUwul5tu0i';'Rusoli (107175-2)';22;3
489;'D8qtPXOYpli';'Rwamulimi (107196-8)';22;3
490;'RYAtwW4EMlo';'Seka (107351-9)';22;3
491;'E3Y31TSTKws';'Suguti (107652-0)';22;3
492;'O1w9ghhmh6a';'Tegeruka (107798-1)';22;3
493;'kQsvdfwfKH6';'Wanyere (108315-3)';22;3
494;'wOMtV2uTpiH';'Baraki (100323-5)';23;3
495;'syHdhbOpoCl';'Bitiryo (100380-5)';23;3
496;'VkR8pe5Fvxo';'Bubombi (100428-2)';23;3
497;'uIckBMaiBcF';'Buganjo (100442-3)';23;3
498;'u7ZjzXZM9Y9';'Bugire (100453-0)';23;3
499;'FfdDQ6P6x2X';'Busanga (100586-7)';23;3
500;'TN1on2SHZAB';'Buturi (100625-3)';23;3
501;'u19UAumuM1W';'Changuge (100736-8)';23;3
502;'CBJ7uM8PQJD';'Chereche (100772-3)';23;3
503;'A7UNzvWfhxE';'Ikoma (101661-7)';23;3
504;'t115z2BQsOi';'Ingri (101810-0)';23;3
505;'GS4n9RWPVTA';'Kibuyi (102633-5)';23;3
506;'s9blK8GtTDY';'Kinesi (102941-2)';23;3
507;'nPpAvHHH0o3';'Kitembe (109836-7)';23;3
508;'hbwuFoDUghy';'Kogaja (103278-8)';23;3
509;'fDRTyYrt2Jc';'Kuruya (103345-5)';23;3
510;'xYgfoqnekY9';'Kwibuse (109697-3)';23;3
511;'had3AeELsPV';'Kyariko (109493-7)';23;3
512;'RZ7WvhPmUBf';'Mang''ore (109686-6)';23;3
513;'FbGt8WwB9WU';'Masike (104408-0)';23;3
514;'kGrlbJDK7I3';'Ng''ope Kamageta (106416-1)';23;3
515;'HWGhCwBJkbm';'Nyahongo (106647-1)';23;3
516;'EwIXHmawsnp';'Nyamagaro (106689-3)';23;3
517;'bvZBFfcrkAE';'Nyambori (106712-3)';23;3
518;'mBZOhoaCKb7';'Nyamusi (106750-3)';23;3
519;'kOkur6ln6ho';'Nyanchabakenye (106756-0)';23;3
520;'qyJrdZod2qm';'Nyasoko (106828-7)';23;3
521;'mZecwQ0cujq';'Nyasoro (106829-5)';23;3
522;'WvJrPEJX1jp';'Ochuna (106881-6)';23;3
523;'GsWFOq5OqD6';'Osiri (106939-2)';23;3
524;'NJj1xQGlvGR';'Panyakoo (106974-9)';23;3
525;'fWJINOmJQE4';'Radienya (107054-9)';23;3
526;'eRkTbGHHYMu';'Raranya (109786-4)';23;3
527;'fSEWhbOBmnJ';'Ruhu (107142-2)';23;3
528;'saXSVYfnDtb';'Rwang''enyi (107199-2)';23;3
529;'mUwwfTaHDLi';'Sakawa (107238-8)';23;3
530;'e56pTHxWyle';'Sokolaboro (107519-1)';23;3
531;'dbJDAASzAdt';'Sota (108497-9)';23;3
532;'md2r2c8l6PY';'Utegi (108201-5)';23;3
533;'RvGbs8BKfnG';'Bonchugu (100406-8)';24;3
534;'ZVbvfJfYKZG';'Bwitengi (100664-2)';24;3
535;'QFD46M0LS59';'Fort - Ikoma (101152-7)';24;3
536;'DS16ADkA09r';'Gantamome (101181-6)';24;3
537;'NQ4IqbA1TfE';'Gesarya (101202-0)';24;3
538;'yx4nfFLxNM0';'Gusuhi (101276-4)';24;3
539;'anmxqs7Yssv';'Iramba (101848-0)';24;3
540;'HZNngge9K6A';'Iseresere (101901-7)';24;3
541;'GTPQqDnhMuL';'Issenye (101934-8)';24;3
542;'GSgUAk5Wi6f';'Itununu (102018-9)';24;3
543;'cY9OcNeo8fd';'Kebanchebanche (102528-7)';24;3
544;'rZ9JjqGtCeS';'kegonga (109025-7)';24;3
545;'VGlecvhSHik';'Kemugesi (102537-8)';24;3
546;'DgoEytzce6M';'Kenyana (102542-8)';24;3
547;'SOkJDiYZU7h';'Kisaka (103061-8)';24;3
548;'OrX7BuF6R1u';'Kitembere (103170-7)';24;3
549;'JOZpaEhl59z';'Kono (103314-1)';24;3
550;'T6CehMWUv9k';'Maburi (103827-2)';24;3
551;'NVHqzhTGq8p';'Machochwe (103835-5)';24;3
552;'t8ndhjAOQRb';'Magange (109030-7)';24;3
553;'KPRhjSjbi3k';'Majimoto (104064-1)';24;3
554;'NV8IanM9uAH';'Masangura (104385-0)';24;3
555;'EBP3dMCNfdN';'Masinki (104412-2)';24;3
556;'vLGUKG47BuY';'Mbalibali (104559-0)';24;3
557;'SCqxSdkke9o';'Merenga (104740-6)';24;3
558;'dRi438szahH';'Miseke (104973-3)';24;3
559;'v85i7039tKe';'Mlimani (108956-4)';24;3
560;'GqrRiLsGODg';'Monuna (105294-3)';24;3
561;'g3DVo6YLLVw';'Mosongo (105313-1)';24;3
562;'sqI7ZxRMitC';'Motukeri (109124-8)';24;3
563;'xbZaXjakmbd';'Mugumu Mahabusu Disp (109223-8)';24;3
564;'sonoULAgQWB';'Mugumu RCH A (105638-1)';24;3
565;'v6qvv6SwHIO';'Mugumu RCH B (105639-9)';24;3
566;'dVB49aTXrG2';'Musati (105718-1)';24;3
567;'DzqKb7glAD3';'Natta (106217-3)';24;3
568;'YMOVWO6Df8b';'Nyakitono (106679-4)';24;3
569;'jsyK0qE9llb';'Nyamatoke (106705-7)';24;3
570;'JLCZYR7c8IB';'Nyambureti (108958-0)';24;3
571;'yjbSNYLiIlB';'Nyamburi (106715-6)';24;3
572;'y9Hl9CQsffV';'Nyamisingisi (106735-4)';24;3
573;'jjciWStuVCn';'Nyamitita (106738-8)';24;3
574;'J6GOLYxYRzW';'Nyankomogo (106783-4)';24;3
575;'sv1j0tHalow';'Nyansurura (106788-3)';24;3
576;'mYGQNJSTErp';'Nyiboko (106849-3)';24;3
577;'pLKLbGFRi1k';'Nyichoka (106850-1)';24;3
578;'zYkQ3pSYzYa';'Nyirongo (109019-0)';24;3
579;'l9yJY53nX6C';'Park- Nyigoti (106979-8)';24;3
580;'mfoCCbvCXa8';'Remung''orori (107082-0)';24;3
581;'sMCRwzGRpVE';'Rigicha (107086-1)';24;3
582;'dNX7JIRQyaV';'Robanda (107092-9)';24;3
583;'fXShl7viRGi';'Rung''abure (107159-6)';24;3
584;'YAWWEXLRJvy';'Rwamchanga (107192-7)';24;3
585;'ydvuQs1azKG';'Seronera National Park (107379-0)';24;3
586;'TIUtF0Fe471';'Tabora B (107700-7)';24;3
587;'F52MMOugPUG';'Tamkeri (108950-7)';24;3
588;'doPeH8Br7hT';'Wagete (108295-7)';24;3
589;'tBFWTbksAip';'Bumera (100559-4)';25;3
590;'Vpc6W518Y17';'Bungurere (100575-0)';25;3
591;'avaNntfwbYZ';'Gamasara (101177-4)';25;3
592;'wl0KCHvPR4K';'Genkuru (101199-8)';25;3
593;'UwMVabkh5RM';'Gibaso (101210-3)';25;3
594;'i0s0fUp9Uw2';'Kenyamanyori Dispensary (109914-2)';25;3
595;'aQuQPj8l1ob';'Kiongera (102985-9)';25;3
596;'a8rk4qnXkhm';'Kitagutiti (103143-4)';25;3
597;'bWijix0AMy0';'KUBITERERE (110796-0)';25;3
598;'iR9E599AJzm';'Magena Dispensary (109917-5)';25;3
599;'lDWLjw7C8GU';'Magoto (103987-4)';25;3
600;'UMq6WTpBtq3';'Mtana (105530-0)';25;3
601;'nFBSETZfxNb';'Muriba (105702-5)';25;3
602;'m4h6aPc9hEp';'NYABISAGA (110797-8)';25;3
603;'AkqmYtciPaQ';'Nyamongo (106743-8)';25;3
604;'K02QBVDjwaB';'Nyamwaga (106751-1)';25;3
605;'B55P2HLcEPR';'Nyangoto (106774-3)';25;3
606;'jjADYsxelZb';'Nyantira (106791-7)';25;3
607;'SIWNFCxlTBI';'Nyarwana (106813-9)';25;3
608;'sWYtxb9lXp8';'Nyasaricha (106819-6)';25;3
609;'WVNUgx5IIXx';'Prison (109662-7)';25;3
610;'DeKAE0uqTVG';'Sirari (107497-0)';25;3
611;'K5ejI2x9H5M';'Surubu (107684-3)';25;3
612;'kqrtQzpK5Sd';'Tarime Government Hospital (109895-3)';25;3
613;'FOvPbBYfDp2';'Chagongwe (100694-9)';26;3
614;'xl0BeoEJEzR';'Chakwale (100699-8)';26;3
615;'VWhg5tfQr1q';'Chogoali (100871-3)';26;3
616;'TUhC9quv24a';'Gairo (101168-3)';26;3
617;'EELPOO54sKz';'Idibo (101478-6)';26;3
618;'HzAUPTuJHlc';'Iyogwe (102044-5)';26;3
619;'RbnGWz8J0Sn';'Kibedya (102591-5)';26;3
620;'MVOkKsSWvWQ';'Leshata (103486-7)';26;3
621;'MxxYssvNvgT';'Mandege (104227-4)';26;3
622;'bjeBcf5lVwx';'Masenge (104395-9)';26;3
623;'kNFYqVADh4r';'Mkobwe (105081-4)';26;3
624;'BPSUm4xEAih';'Msingisi (105474-1)';26;3
625;'IJZDIoO536x';'nguyami (109896-1)';26;3
626;'MapV9GGuZTx';'Nongwe (106567-1)';26;3
627;'WDLp6g6T69C';'Rubeho (107123-2)';26;3
628;'ZTAAcsMHzQZ';'Chisano (100843-2)';27;3
629;'XAfyxAN7pyH';'Chita JKT (100847-3)';27;3
630;'gaegz56Guk8';'Chita Rural (100848-1)';27;3
631;'MqQggdJQhWv';'Idete (101473-7)';27;3
632;'iViGhVZ69jl';'Idete Prison (101476-0)';27;3
633;'QOJICjFVCMF';'Ipinde (101831-6)';27;3
634;'C1P6S4avEeI';'Kibaoni (102583-2)';27;3
635;'Pxtc4iF0uz3';'Kiberege (102595-6)';27;3
636;'VfRluY1GQHe';'KIBEREGE DISPENSARY (110377-9)';27;3
637;'txnBNzSdMb4';'Kiberege Prison (102596-4)';27;3
638;'xYDv9rPMdXI';'Kilombero Sugar (102873-7)';27;3
639;'FIYhXPlQO5Q';'Lugongole (103652-4)';27;3
640;'dw5nfc56NdI';'Mang''ula (104264-7)';27;3
641;'Nwex2g0p1lJ';'Michenga (104816-4)';27;3
642;'ftW07P06vS8';'Mkamba (105045-9)';27;3
643;'OxWli4RZlTx';'Mkangawalo (105052-5)';27;3
644;'JW8O755aPZJ';'Mlimba (105207-5)';27;3
645;'RFBg1xs304G';'Mngeta (105250-5)';27;3
646;'ZEK51PCbVLr';'Msolwa A (105487-3)';27;3
647;'av7IcOiasKF';'Msolwa Game Reserve (105488-1)';27;3
648;'SMVNHIVnqW8';'Msolwa Station (105490-7)';27;3
649;'sGC50gQrlfq';'Namwawala (106160-5)';27;3
650;'yU9qePUmmfY';'Sagamanganga (107227-1)';27;3
651;'Avqbc6k5Zlu';'Sanje (107291-7)';27;3
652;'uDjjwfotDQV';'Signali (108482-1)';27;3
653;'GTp77rrKH3A';'Sonjo (107551-4)';27;3
654;'WuOylC02vat';'TANESCO Kidatu (107741-1)';27;3
655;'KNFCOO1qaiQ';'TANESCO Kihansi (107742-9)';27;3
656;'gUu7aYwHXDQ';'Tanganyika Masagati (107751-0)';27;3
657;'b249hzn3Im3';'TAZARA (107791-6)';27;3
658;'Qs6Zcun2WdN';'Uchindile (108000-1)';27;3
659;'bwN7aCszauy';'Utengule (108206-4)';27;3
660;'dGrM2EnWSr6';'Chanzuru (100746-7)';28;3
661;'xPxKFCQx0uJ';'Chonwe (100883-8)';28;3
662;'s3fhqOZn886';'Dakawa (100945-5)';28;3
663;'ayOtmQPekYE';'Dumila (101039-6)';28;3
664;'UtrJQ6LtHlc';'Dumila Mission (101040-4)';28;3
665;'gVU7Dq0E94l';'Ilonga (101757-3)';28;3
666;'Bwa6MP8VS0g';'Ilonga TTC (101760-7)';28;3
667;'eDcKcf39JZn';'Itaragwe (108526-5)';28;3
668;'fuyWI3WBQSv';'Kidete (102658-2)';28;3
669;'PY5kVL81fhO';'Kidodi (102662-4)';28;3
670;'Vemp3U8KJcA';'Kidogobasi (102664-0)';28;3
671;'SijhLCKh0sa';'Kilangali (102818-2)';28;3
672;'RSTwP7Svsfw';'Kilombero Sugar company (102118-7)';28;3
673;'V1ni8qmazDE';'Kilosa (102877-8)';28;3
674;'js0UlunI7lD';'Kimamba (102892-7)';28;3
675;'qW9AD8Jd7ia';'kisongwe (110837-2)';28;3
676;'CCf6feGvjWg';'Kitange (103161-6)';28;3
677;'CIjlzmsRobv';'Kitete (103176-4)';28;3
678;'fk1xw5YEjjU';'Kitete Msindizi (103178-0)';28;3
679;'e9pLVFcFtwA';'Kivungu (103218-4)';28;3
680;'k2sT2TdM8dl';'Lumuma (103714-2)';28;3
681;'Rb5cqFYMuA1';'Magereza Kilosa (103956-9)';28;3
682;'kTTWpnyVYlO';'Magole (103974-2)';28;3
683;'woIPKgjcqtk';'Magomeni (103978-3)';28;3
684;'qeHqWah0XEq';'Magubike (103992-4)';28;3
685;'nvpoHrQgRoI';'Malolo (104186-2)';28;3
686;'ewmJUaXb2sy';'Mamboya (104208-4)';28;3
687;'rydUX6FQxOL';'Mbamba (104563-2)';28;3
688;'Tn3XknJriQM';'Mhenda (104802-4)';28;3
689;'EMAWOeiCvg1';'Mikumi (104913-9)';28;3
690;'R2svjq55Cor';'Mikumi CVM (104914-7)';28;3
691;'xMRAj6N66re';'Mikumi Msimba (104916-2)';28;3
692;'E1laH8TELRR';'Mikumi National Park (104917-0)';28;3
693;'eYYxMfaE1q0';'Msimba (105466-7)';28;3
694;'ospVNAUhaoF';'Msowero (105502-9)';28;3
695;'rUhFF0OIhhR';'Mtumbatu (105599-5)';28;3
696;'h2mlIzN8UBg';'Munisagara (105693-6)';28;3
697;'bNcwI1P7ldv';'Mvumi (105772-8)';28;3
698;'yjj1xvrJxZN';'Mwasa (105962-5)';28;3
699;'PSl6idWa72C';'Rudewa (107126-5)';28;3
700;'qPGmgoriKzq';'Ruhembe (107139-8)';28;3
701;'eC4YHCTAMa5';'Tindiga (107828-6)';28;3
702;'XcSoxtXiwzI';'Twatwatwa (107965-6)';28;3
703;'b4vB9GpvsRB';'Ulaya (108070-4)';28;3
704;'Ly44SXMM3LW';'Uleling''ombe (108072-0)';28;3
705;'AWGnftLwfzV';'Unone (108107-4)';28;3
706;'bFlXMGLBWaK';'Vidunda (108250-2)';28;3
707;'pyaZA7SOSJ3';'Zombo (108426-8)';28;3
708;'gll45UF1vsP';'Bungu (100570-1)';29;3
709;'HsFoVEUeXc5';'Bwakira Chini (100646-9)';29;3
710;'VwXol3Clzw1';'Bwakwira Juu (100647-7)';29;3
711;'TYPb2HualeY';'Changa (100732-7)';29;3
712;'wfLdT1uwmp5';'Diguzi (100975-2)';29;3
713;'Wcf7BFsm0Wn';'Diguzi (110422-3)';29;3
714;'H7OUjPbnJhM';'Duthumi (101043-8)';29;3
715;'hQBvDU1GPus';'Fulwe (101159-2)';29;3
716;'O05am6BkG5L';'Kalundwa (102263-1)';29;3
717;'ApMdV6EgolX';'Kibogwa (102615-2)';29;3
718;'Qip5BpDppqu';'Kibogwa (110423-1)';29;3
719;'exnsNr3ipUv';'Kibogwa (110424-9)';29;3
720;'PIrCwkd2Bru';'Kibungo Juu (102629-3)';29;3
721;'njiFF3UwKJw';'Kibungo juu (110433-0)';29;3
722;'TzA41MBLkHy';'Kibungo kungwe (102630-1)';29;3
723;'F4CI2cLzldg';'Kibwe (110317-5)';29;3
724;'CWHOwDvd4KB';'Kichangani (102643-4)';29;3
725;'orZK1qbizkh';'Kidunda (102671-5)';29;3
726;'hip6puPJ0Lc';'Kihonda (102744-0)';29;3
727;'wtKO320AhS4';'Kihonda Magereza (102745-7)';29;3
728;'MItG1WyJBNN';'Kikundi (102798-6)';29;3
729;'VVlTlx7OahS';'Kilakala (102809-1)';29;3
730;'mLF8I88d4fM';'Kilakala Secondary (102810-9)';29;3
731;'Edu6ESpd7l6';'Kingolwira (102949-5)';29;3
732;'U54uNCweMaU';'Kinole (102959-4)';29;3
733;'JL69FvNYFsz';'Kinonko (102964-4)';29;3
734;'qG0OitvSEFF';'Kinonko JWTZ (102965-1)';29;3
735;'lPzVTqREdml';'Kiroka (103038-6)';29;3
736;'gxtbSPcq5b7';'Kisaki Gomero (103065-9)';29;3
737;'qSYogycp63n';'Kisaki Station (103064-2)';29;3
738;'fZovWXuIn0T';'Kisemu (103085-7)';29;3
739;'kYdaNOL5sCR';'Kiwege (103231-7)';29;3
740;'kZX32d1kXmp';'Kizinga (103248-1)';29;3
741;'ZZ1T72VCU4C';'Kizuka JWTZ (103254-9)';29;3
742;'j5ob11Hmspd';'Kolero (103281-2)';29;3
743;'HXxDJ3W1gr0';'Konga (110429-8)';29;3
744;'EM8d2POXzCl';'Kongwa (103310-9)';29;3
745;'NyqSdtpNVDv';'Legeza mwendo (110313-4)';29;3
746;'lr3jCdNZXhy';'Luhungo (110255-7)';29;3
747;'CyYm4d5FbnC';'Lumba Chini (103706-8)';29;3
748;'RucUvF2rpqY';'Lundi (103718-3)';29;3
749;'OAgD1TGCEgt';'Mafiga (110290-4)';29;3
750;'GelECqpDrRq';'Magadu (103890-0)';29;3
751;'zObHvdysUo2';'Magereza Mkoa (103936-1)';29;3
752;'QqN56mtQRXF';'Magogoni (103973-4)';29;3
753;'m4X7YJOekNW';'Malipula (104181-3)';29;3
754;'O9ALUcg5Mc4';'Matambwe Game Reserve. (108528-1)';29;3
755;'o7drEgmvuo0';'Matuli (110801-8)';29;3
756;'UmTWiMyWxqy';'Mazimbu (110309-2)';29;3
757;'u4l5KiIKjKU';'Mbete (110166-6)';29;3
758;'aeuoh3OAyOZ';'Mfumbwe (104758-8)';29;3
759;'W4vWKO7BTeO';'Mifulu (104871-9)';29;3
760;'dKwTytBqVmO';'Mikese (104898-2)';29;3
761;'Rp5w1iKsIZY';'Mji Mpya (105025-1)';29;3
762;'Q07sM1JEQif';'Mkambarani (105048-3)';29;3
763;'nrZId8SMRCz';'Mkoya (105118-4)';29;3
764;'BdYNAsaVhKV';'Mkuyuni (105157-2)';29;3
765;'wlb05mFULIz';'Mkuyuni (110708-5)';29;3
766;'HNG8h6rY3Yz';'Mlilingwa (105206-7)';29;3
767;'DFHlGTZHWZy';'Mlono (105214-1)';29;3
768;'CbgUQ6utVLV';'Mngazi (105249-7)';29;3
769;'spJQ0yGlpjo';'Morogoro (105299-2)';29;3
770;'Xoh6Hl3NNBM';'Morogoro TTC (102729-1)';29;3
771;'FEbpQaToCib';'Msonge (105494-9)';29;3
772;'JOusYvGPibk';'Mtego wa Simba (105544-1)';29;3
773;'nibaBN3LNUU';'Mtombozi (110399-3)';29;3
774;'ej1A5QDTNVk';'Mvuha (110410-8)';29;3
775;'yAQocrxBmjW';'Mwembesongo (105999-7)';29;3
776;'Rs7Qe5rWa9x';'Mzinga (110299-5)';29;3
777;'YfnWVrct4cK';'Ngerengere (106374-2)';29;3
778;'vflkPK5rrp0';'Nyarutanga (110581-6)';29;3
779;'LgRJN8F2jq2';'Nyingwa (106854-3)';29;3
780;'ibVmetWzwOi';'Pangawe CMH (106971-5)';29;3
781;'Crr7gnojOiM';'Pangawe JWTZ (106972-3)';29;3
782;'QZawvTO82M8';'Pangawe Sisal (106973-1)';29;3
783;'VNAg7LhkfWB';'Police FFU (107012-7)';29;3
784;'MMISdaO9qai';'Presybterian Seminary (110812-5)';29;3
785;'EHXmRmz9iSd';'Sabasaba (107215-6)';29;3
786;'UYaUX78dCjA';'Sangasanga (110803-4)';29;3
787;'HlkDaTQg4yN';'Seregete B (110802-6)';29;3
788;'hFANKX3GlvR';'SUA (107647-0)';29;3
789;'kDOh3uh8NTc';'Tawa (110356-3)';29;3
790;'RHUnUkDCRQS';'Towero (110227-6)';29;3
791;'xC7mRTD1izo';'TRC (107882-3)';29;3
792;'jhJsChaz8gU';'TTPL (110311-8)';29;3
793;'T44KqldbEuO';'Tulo (110398-5)';29;3
794;'F40bqUGRxaA';'Tungi (108484-7)';29;3
795;'dforvPwJl29';'Tununguo (110421-5)';29;3
796;'ZO9NPuHw8iE';'Uhuru (108543-0)';29;3
797;'BKpvkGk3eFH';'Ujenzi Mkoa (110811-7)';29;3
798;'RGho0sSEeTh';'Umati Clinic (108094-4)';29;3
799;'md1qNIWzY6e';'Uponda (110579-0)';29;3
800;'VflfurzAShJ';'Vituli (110021-3)';29;3
801;'IS2GaYPiCmL';'Bunduki (100568-5)';30;3
802;'G05bukrxooH';'Chazi (100755-8)';30;3
803;'uGu3gxPBfVo';'Dihinda (100977-8)';30;3
804;'bvBFHyciCDE';'Doma (100993-5)';30;3
805;'nbOnBReWw1o';'Hembeti (101352-3)';30;3
806;'sZexitlAsP4';'Homboza (101384-6)';30;3
807;'qlNQHQgiJxn';'Kambala (102279-7)';30;3
808;'rcbPFMpRjn7';'Kanga (102316-7)';30;3
809;'IxjTAIAnCxJ';'Kibati (102589-9)';30;3
810;'QprzaycdP6z';'Kibuko (102624-4)';30;3
811;'w3b8PbooBqj';'Kihondo (102746-5)';30;3
812;'sNz9R1sLmBC';'Kinda (102934-7)';30;3
813;'GXqc1jxyPH1';'Kododo (103277-0)';30;3
814;'eUJWSXuWEpE';'Luale (103601-1)';30;3
815;'rcTFKWrPCJZ';'Lubungo B (103615-1)';30;3
816;'v2gRkZly0nm';'Lukenge (103689-6)';30;3
817;'PP9qHoxuY3J';'Lukunguni (103697-9)';30;3
818;'x9jNyhHWC8H';'Lusanga (103751-4)';30;3
819;'CCqGQzJxXxh';'Magali (103895-9)';30;3
820;'tIgvFkrMGta';'Maharaka (104012-0)';30;3
821;'YB2xVV9AkwO';'Makuyu (104151-6)';30;3
822;'P3hRKK6tqpA';'Mangae (104243-1)';30;3
823;'qelfECONaMX';'Maskati (104416-3)';30;3
824;'hcAVDPUb0DF';'Matale (104439-5)';30;3
825;'jRD8EaDtxZB';'Melela (104725-7)';30;3
826;'HtYqZAE3g0f';'Mgeta (104776-0)';30;3
827;'EyjXCsL6qW4';'Mhale (104798-4)';30;3
828;'Sp5tvTSRyXv';'Mkata Kijijini (105061-6)';30;3
829;'NHJ28GCZrW3';'Mkata Ranch (105062-4)';30;3
830;'XRe8wF6BMAr';'Mkindo (105072-3)';30;3
831;'lPDX7IdhuEX';'Mongwe (105293-5)';30;3
832;'t4sjgf0pFTz';'Msolokelo (105485-7)';30;3
833;'KGZSlV2UDis';'Msongozi (105496-4)';30;3
834;'RhyG0GLFPs5';'Mvomero (105767-8)';30;3
835;'kCLsngeRsbT';'Mziha (106051-6)';30;3
836;'fFYqBWIaEtL';'Mzumbe (106056-5)';30;3
837;'C6bv7l5Fl5j';'Ndole (106261-1)';30;3
838;'yh6qHSda1I5';'Nyandira (106761-0)';30;3
839;'Z5nZOmpRYle';'Pandambili (106960-8)';30;3
840;'dA032jK1ybw';'Peko misegese (106985-5)';30;3
841;'UCQiLqW7hT2';'Pemba (106986-3)';30;3
842;'KD7BgEpZFFO';'Tangeni (107755-1)';30;3
843;'iQsnYt0Qgcv';'Tchenzema (107795-7)';30;3
844;'YyWQJJp0YIH';'Turiani (108485-4)';30;3
845;'QTU9UffGnmX';'Wami Dakawa (108305-4)';30;3
846;'lLPZX6ypjLT';'Wami Kuu (108306-2)';30;3
847;'MSdBCBM2MzS';'Wami Vijana (108308-8)';30;3
848;'MyTLlowhP5T';'Narunga (108583-6)';31;3
849;'TBBR1ARdRhv';'Chikuti (100809-3)';32;3
850;'VpSgZoo6jLs';'Chirombora (100842-4)';32;3
851;'junkOYr16rK';'Ebuyu (101056-0)';32;3
852;'D9cHNKUaNUN';'Igawa (101534-6)';32;3
853;'UiwKKo36p3H';'Ihowanja (101621-1)';32;3
854;'R0vy1htSIDo';'Ilonga (101758-1)';32;3
855;'yVpqdDJqF9n';'Iragua (101844-9)';32;3
856;'JxgESEdKqjC';'Isongo (101926-4)';32;3
857;'u8gG91s32NH';'Isyaga (101944-7)';32;3
858;'LuZ9kTv910F';'Itete (101976-9)';32;3
859;'mgahaUYejm6';'Ketaketa (102547-7)';32;3
860;'gMsk0ExdEeH';'Kichangani (102642-6)';32;3
861;'isEPu41legp';'Kilosa Mpepo (102879-4)';32;3
862;'vWzTWYyWfYf';'Kiswago (103140-0)';32;3
863;'jm9hHhDTqeI';'Kivukoni (110409-0)';32;3
864;'li49pRMZ5Oi';'Lukande (103681-3)';32;3
865;'RhMQurgNF8m';'Lupiro (103741-5)';32;3
866;'fAVJUsqcPvf';'Mahenge (104019-5)';32;3
867;'Lue2jd6tlae';'Malinyi (104180-5)';32;3
868;'viluaDfjHfz';'Mbuga (104642-4)';32;3
869;'IUKXv4de2oC';'Msogezi (105484-0)';32;3
870;'z2NI4X49npP';'Mtimbira (105561-5)';32;3
871;'JRq3PmBUyYA';'Mwaya (105984-9)';32;3
872;'VZEALyaDFFE';'Nakafulu (106083-9)';32;3
873;'YrxyznCPZFv';'Ngombo (106406-2)';32;3
874;'DrQFd7X6q6T';'Sofi Majiji (107510-0)';32;3
875;'cjlpTr3KI7t';'Tanga (108483-9)';32;3
876;'ljaYCirMsQI';'663 KJ (100022-3)';33;3
877;'NyvHZsdxGq1';'Buzuruga (100642-8)';33;3
878;'Sh6A5jDii7c';'Bwiru Boys (100661-8)';33;3
879;'dCisPF5yU8Z';'Bwiru Girls (100662-6)';33;3
880;'x8v2hfjPwx8';'Igogwe (101551-0)';33;3
881;'yOFe1453Ffm';'Ilemela (101733-4)';33;3
882;'vzeFK3W7WTT';'Kabusungu (102148-4)';33;3
883;'TUtErZsSwUG';'Kahama (102180-7)';33;3
884;'dSBkmitCAZf';'Karume (102388-6)';33;3
885;'GEwbLB8czUY';'Kiloleli Chamwenda (102864-6)';33;3
886;'hATOMtBqofW';'Kirumba (103048-5)';33;3
887;'n9gFlNTDkUZ';'Luhanga (103662-3)';33;3
888;'bIkggYCOtcs';'Medical Research (NIMR) (104716-6)';33;3
889;'aQMfjK3n1fy';'Mwanza Military Hospital (109227-9)';33;3
890;'alc4JMFAS4q';'Nyamhongolo (106718-0)';33;3
891;'OH5zB3KzHss';'Nyamwilolelwa (106754-5)';33;3
892;'r5wLbFzDpIS';'Nyerere (106846-9)';33;3
893;'JyP2L04D5wd';'Pasiansi (106980-6)';33;3
894;'APHShf0UpOY';'Sangabuye (107276-8)';33;3
895;'SdX2Xr2Pomc';'Tanzania Breweries (107761-9)';33;3
896;'zjRVJZvebTS';'Bugandando (109450-7)';34;3
897;'JojgkqlUtxo';'Bugembe (100450-6)';34;3
898;'bZPoKwj3j7W';'Bujingwa (100490-2)';34;3
899;'BKLkejbREQ1';'Bungulwa (100574-3)';34;3
900;'uv94kfHjr7i';'Buyogo (100631-1)';34;3
901;'ftibEgIqim6';'Chibuji (100779-8)';34;3
902;'CFAJySYpKDp';'Chuo Cha Michezo Malya (109427-5)';34;3
903;'yt7CswVUj95';'Gereza Ngudu (109571-0)';34;3
904;'lHrCfWxJBDc';'Ibindo (101440-6)';34;3
905;'hDLX8GEJ15K';'Ilula (101766-4)';34;3
906;'iuCNLlgR6zc';'Ilumba (101771-4)';34;3
907;'XASigRHkCin';'Inala (101806-8)';34;3
908;'lTbeFFqv69r';'Izizimba (102056-9)';34;3
909;'whChVobyCJe';'Jojiro (102099-9)';34;3
910;'WKwuM7pn6Ep';'Kadashi (109556-1)';34;3
911;'XhhbExXMosT';'Kibitilwa (102608-7)';34;3
912;'eC8vmoOZFM7';'Kiliwi (102856-2)';34;3
913;'JdBDj9wvMor';'Kilyaboya (109527-2)';34;3
914;'CGs0B8K9QOD';'Lyoma (103803-3)';34;3
915;'au6zptGO7L8';'Mahiga (104022-9)';34;3
916;'Owd1Zm9oJeX';'Malemve (104172-2)';34;3
917;'Q5CGfFb7EsF';'Maligisu (104174-8)';34;3
918;'hjLBZmezxkk';'Malya (104199-5)';34;3
919;'psKeOYTvzGj';'Manawa (104214-2)';34;3
920;'HwqBt1wbSdn';'Manayi (104215-9)';34;3
921;'MwXDblMfqXG';'Milyungu (104938-6)';34;3
922;'TTsk55hwUYe';'Mwabilanda (105790-0)';34;3
923;'YP1JwZ122kZ';'Mwadubi (105804-9)';34;3
924;'S1v3kR96YHp';'Mwaging''hi (108473-0)';34;3
925;'RwpK1Q5Ld0y';'Mwakilyambiti (105831-2)';34;3
926;'dgTiiIM3Apg';'Mwamashimba (105872-6)';34;3
927;'dkhn0KsJufo';'Mwampulu (105892-4)';34;3
928;'nOBhHXPi8ig';'Mwanekeyi (109739-3)';34;3
929;'gVO8lKreqJ0';'Mwang''halanga (105928-6)';34;3
930;'hpqhXP1WqhA';'Mwangika (105930-2)';34;3
931;'kB8NXzGEUng';'Mwankuba (109546-2)';34;3
932;'rBAkEbC2ta8';'Mwankulwe (105943-5)';34;3
933;'wMBNJlkggVk';'Mwitambu (106031-8)';34;3
934;'iZe75DbCSAW';'Ndamhi (109616-3)';34;3
935;'QGGcjBMHV7v';'Ngudu (106426-0)';34;3
936;'PGnkA60he8l';'Ngumo (106440-1)';34;3
937;'ueZ0xpktdAG';'Nyamatala (109490-3)';34;3
938;'xwwYx6q1UCi';'Nyambiti (106710-7)';34;3
939;'LYxdwXZQvC7';'Nyambuyi (106716-4)';34;3
940;'pPTqlkBSr8r';'Nyamigamba (106722-2)';34;3
941;'xU1BKdz5Gml';'Nyamikoma (106728-9)';34;3
942;'FJ8QJL1UCYU';'Nyamilama (106730-5)';34;3
943;'NUQM2WLKIqy';'Nyanhong''he (106777-6)';34;3
944;'w6i2fCvTOD5';'Runere (107158-8)';34;3
945;'DiFXIfo3M7n';'Shilembo (107418-6)';34;3
946;'gjqq8nPoTxM';'Bubinza (100426-6)';35;3
947;'cKVdmfvRvO2';'Bugabu (110394-4)';35;3
948;'fDnychdT7nC';'Buhumbi (100485-2)';35;3
949;'yzOXkmyy8f0';'Bujashi (100488-6)';35;3
950;'JHlR9uOgUtL';'Busalanga (100581-8)';35;3
951;'acm8BeaDaxI';'Busekwa (110454-6)';35;3
952;'uSJWYX0qUkz';'Chandulu (100731-9)';35;3
953;'WpUXndCzyCR';'Igekemeja (101539-5)';35;3
954;'Ot4SBA4EQii';'Igombe (101564-3)';35;3
955;'UZ1NeDks7bo';'Ihayabuyaga (101614-6)';35;3
956;'ISe1IZjwsXe';'Ijinga (101634-4)';35;3
957;'c2u69M9jT45';'Isolo (101925-6)';35;3
958;'JoGwlUD59m3';'Kabila Health center (108606-5)';35;3
959;'WOVSS7sbL3h';'Kahangara (102183-1)';35;3
960;'BJTTL5V6m7n';'Kigangama (102696-2)';35;3
961;'Ky9YWUu0Rs0';'Kinango (102932-1)';35;3
962;'BQN3fFzn3nO';'Kisesa B (103092-3)';35;3
963;'xaJPQIlQAmY';'Kitongosima (103190-5)';35;3
964;'m0VZuNa7sE9';'Kongolo (103306-7)';35;3
965;'V4fJa5aczXw';'Lugeye (103641-7)';35;3
966;'LHmD6SaxUej';'Lumeji (103710-0)';35;3
967;'KR2MSSumgIF';'Lutale (103763-9)';35;3
968;'KIZI2A4NlvX';'Magereza (103937-9)';35;3
969;'MmlNqaaSTpb';'Magu (103990-8)';35;3
970;'oIi2Hoq0xMk';'Mahaha (104007-0)';35;3
971;'Qlg9f0IBI7p';'Matale (104441-1)';35;3
972;'d0AFGT5GD6W';'Mwabulenga (105795-9)';35;3
973;'aPv8lYBmyUG';'Mwamabanza (105845-2)';35;3
974;'bWCz8FC2WUk';'Mwamanga (105860-1)';35;3
975;'je3iw4L5L7w';'Ng''washepi (106322-1)';35;3
976;'Olxhwz3drsS';'Nhobola (106465-8)';35;3
977;'wX3L5Veiq32';'Nyanguge (106775-0)';35;3
978;'SLLAsxFTIKW';'Nyasato (106821-2)';35;3
979;'TpUs4IMs7cN';'Salamabugato (107248-7)';35;3
980;'grCkInoUmyt';'Sayaka (107314-7)';35;3
981;'Um6vKzE0msj';'Sese (109277-4)';35;3
982;'PGL9Ii2xx2M';'Shishani (107431-9)';35;3
983;'b68EjFwLTQm';'Welamasonga (108356-7)';35;3
984;'TQuWminDW9I';'Bugisha (100454-8)';36;3
985;'sm8T0qoDEoo';'Buhunda (100486-0)';36;3
986;'FIwTG1kOZwc';'Bukumbi Camp (100519-8)';36;3
987;'bpd1CFgPCvU';'Busongo (100611-3)';36;3
988;'kl7OwUO4R8r';'Gambajiga (101178-2)';36;3
989;'CHWJ2loKqFH';'Ibongoya (101447-1)';36;3
990;'GGUETrZWCQV';'Idetemya (101477-8)';36;3
991;'mKtj7PfOURG';'Igokelo (101554-4)';36;3
992;'lPP1qKIzFgG';'Igongwa (101570-0)';36;3
993;'O43u7dLtmXG';'Isamilo (101875-3)';36;3
994;'bB9u8p59RRx';'Isesa (101903-3)';36;3
995;'WwjZLpTSgXG';'Kanyelele (102343-1)';36;3
996;'mSUQpAcjmWD';'Kaunda (102502-2)';36;3
997;'Qi5lJIDo5mr';'Koromije (103319-0)';36;3
998;'ykbLIZyXO4O';'Lubiri (103612-8)';36;3
999;'vbM6zbK9D0o';'Mahando (104009-6)';36;3
1000;'pnPxHINNZB6';'Mbarika (104574-9)';36;3
1001;'BZ3XC9ferSV';'Misasi (104971-7)';36;3
1002;'aeRgr5kAvU1';'Misungwi (104990-7)';36;3
1003;'tTOGWaGNIZA';'Mondo (105285-1)';36;3
1004;'wVqMr7JGo3i';'Mwagala (105811-4)';36;3
1005;'cHZuS0dSzdn';'Mwagiligili (105815-5)';36;3
1006;'xHJMcEXMv0z';'Mwamazengo (105873-4)';36;3
1007;'RAYFl5c5FwB';'Mwamboku (105878-3)';36;3
1008;'NawQh3J8XlT';'Mwambola (105879-1)';36;3
1009;'jliN3qSvW4V';'Mwanagwa (105895-7)';36;3
1010;'h6VbzLUAvok';'Mwaniko (105940-1)';36;3
1011;'ojgD1dUpOoq';'Mwawile (105981-5)';36;3
1012;'i0fpwYOLwL8';'Ng''ombe (106404-7)';36;3
1013;'WFZjrudKRko';'Nguge (106427-8)';36;3
1014;'WU3B2V1wi7h';'Nkinga (106520-0)';36;3
1015;'FPHwsvB7ADd';'Ntulya (106611-7)';36;3
1016;'IyocBR9U2Ng';'Nyabumhanda (106640-6)';36;3
1017;'h9340BWEN0n';'Nyahiti (106646-3)';36;3
1018;'FWAHpBNciAf';'Nyamainza (106693-5)';36;3
1019;'U9gXGJjiCrm';'Nyamijundu (106724-8)';36;3
1020;'RL1cS9MwxUf';'Nyang''homango (106769-3)';36;3
1021;'zlatrzKKJVl';'Seth Benjamin (107384-0)';36;3
1022;'bjyNkizVqdg';'Sumbugu (107665-2)';36;3
1023;'qS71LiVigqZ';'Ukiriguru (108054-8)';36;3
1024;'P5a6gYcy1PE';'512 KJ (100020-7)';37;3
1025;'NtKPpCGgpz9';'Bank of Tanzania (100313-6)';37;3
1026;'w6XGoeEKNKc';'Bugarika (100448-0)';37;3
1027;'jD1Bn5A3sqc';'Buhongwa (100481-1)';37;3
1028;'K5vrj4SpUDT';'Butimba Prison (100620-4)';37;3
1029;'Wn3QtRSJtJW';'Butimba T.T.C (100621-2)';37;3
1030;'D0bMnKdaXEv';'Fumagila (101160-0)';37;3
1031;'f5BU3apwVAG';'Huduma Mashuleni (101398-6)';37;3
1032;'WuUMEdxSZAb';'Igogo (101549-4)';37;3
1033;'BlkhAzBbIYQ';'Igoma (101562-7)';37;3
1034;'ksXwWGg3YS7';'Mabatini Police (103816-5)';37;3
1035;'WKpTU1w46TF';'Mahina (104023-7)';37;3
1036;'uiSVDdKy2Y8';'Makongoro (104128-4)';37;3
1037;'H4QLWweCrBl';'Mbugani (104647-3)';37;3
1038;'sokDfqSBU4w';'Mkolani (105088-9)';37;3
1039;'jRcRx91Ypt7';'Nganza (106346-0)';37;3
1040;'yEKxHNTZurY';'Nsumba (106588-7)';37;3
1041;'ongoNmpaThJ';'Nyamagana (106688-5)';37;3
1042;'puTBLqdrg7f';'Nyashana JWTZ (106823-8)';37;3
1043;'DUnDCUC6HqU';'Nyegezi (106835-2)';37;3
1044;'G9FLz8uqYCk';'Nyegezi Fisheries (106837-8)';37;3
1045;'LoXeUT5EcGa';'Sahwa (107230-5)';37;3
1046;'ATfMvc3Eqn4';'Sekou-Toure (107354-3)';37;3
1047;'zWA90Adi9H8';'Shadi (107388-1)';37;3
1048;'J5jcnehSjn3';'Tambuka reli (109474-7)';37;3
1049;'LpJlfSZycUK';'TRC Marine (107883-1)';37;3
1050;'RwR0iCJRW1V';'Balatogwa (100289-8)';38;3
1051;'bWi62W9j1ah';'Bilulumo (100368-0)';38;3
1052;'eGCLEJHpwRO';'Bitoto (100381-3)';38;3
1053;'uxStZSmzNgi';'Buhama (100466-2)';38;3
1054;'W1qjgH099nF';'Buhindi (100476-1)';38;3
1055;'P9g6jiWNrcO';'Bukokwa (100508-1)';38;3
1056;'Csd1nFWlMpn';'Bupandwamhela (100001-7)';38;3
1057;'KbKTM1DYXIF';'Busekeseke (100593-3)';38;3
1058;'cRFplFMyuZw';'Busisi (100606-3)';38;3
1059;'k89uIGtfDdP';'Busisi (109728-6)';38;3
1060;'gl3mLtVIt1Y';'Busulwangili (100613-9)';38;3
1061;'hBmY8EiJgPe';'Buyagu (100628-7)';38;3
1062;'XsIeVXcrY7p';'Buzilasoga (100639-4)';38;3
1063;'jYQhslPfZSj';'Chamabanda (100710-3)';38;3
1064;'BpsBRlzFN42';'Hamurumo (101309-3)';38;3
1065;'TI1tWsyWadl';'Igaka (101515-5)';38;3
1066;'FSLKosimJ8S';'Igalula (108476-3)';38;3
1067;'iQzn0to3bUQ';'Igulumuki (101581-7)';38;3
1068;'yTAkZlAeGh5';'Ilekanilo (108477-1)';38;3
1069;'v8G5unsdXlW';'Iligamba (101739-1)';38;3
1070;'yuWmlMLLb1E';'Isole (101923-1)';38;3
1071;'V13qncrQbsk';'Itabagumba (101948-8)';38;3
1072;'DaTAnD6Ogf3';'Juma Kisiwani (102106-2)';38;3
1073;'J3nK2s15c1m';'Kafunzo (102156-7)';38;3
1074;'y2GSjUpu0RG';'Kagunga (102176-5)';38;3
1075;'VhVVF3Yc28D';'Kahumulo (102188-0)';38;3
1076;'bMRhvhamAhy';'Kalangalala (102225-0)';38;3
1077;'yApeUHePcJp';'Kalebezo (102231-8)';38;3
1078;'S8JgsCRq117';'Karumo (102390-2)';38;3
1079;'V4RHGZvU53R';'Kasenyi (102420-7)';38;3
1080;'gInXwySjeJN';'Kasisa (102439-7)';38;3
1081;'L336LkkCHwM';'Kasomeko (102444-7)';38;3
1082;'A4e0PoawFh4';'Kasungamile (102456-1)';38;3
1083;'u0OHX33nPAq';'Katoma (102481-9)';38;3
1084;'JRBZK3Fibbq';'Katunguru (102497-5)';38;3
1085;'GHDCWdQGM9A';'Kayenze (108478-9)';38;3
1086;'AnV3qUqzHcb';'Kishinda (103102-0)';38;3
1087;'BL2xBQC3XDU';'Kome (103288-7)';38;3
1088;'JvUaxrsrTwN';'Luchili (103617-7)';38;3
1089;'k8ZllArduip';'Lugata (103639-1)';38;3
1090;'cLyqbzBQWkx';'Luhalanyonga (103661-5)';38;3
1091;'Plmvx2hoTqg';'Luhorongoma (103673-0)';38;3
1092;'tFWrLXf5nJL';'Lumeya (103712-6)';38;3
1093;'wChPdsFoe5i';'Lushamba (103755-5)';38;3
1094;'ZiD4zmduxyC';'Maisome (104041-9)';38;3
1095;'FhxE0TunuuJ';'Mayuya (104526-9)';38;3
1096;'iLIn4nZwI8S';'Mlaga (105173-9)';38;3
1097;'E3J9euPOUMz';'Mwabaluhi (105786-8)';38;3
1098;'ovgpOp0JHSE';'Mwangika (105931-0)';38;3
1099;'pbYQ6ZFe0sM';'Ngoma A (106399-9)';38;3
1100;'bnkwetdIfKM';'Ngoma B (106400-5)';38;3
1101;'QnO68KCUq7b';'Ngomamtimba (106402-1)';38;3
1102;'NvFalk8Ia0v';'Nyakarilo (106661-2)';38;3
1103;'Bc5Tgdjo4h2';'Nyakasungwa (106664-6)';38;3
1104;'oS4btvlEavw';'Nyamadoke (106687-7)';38;3
1105;'ClGPxHrvooc';'Nyamatongo (106706-5)';38;3
1106;'YyiN3MO1SjL';'Nyamazugo (106707-3)';38;3
1107;'ZLbiOQThI0f';'Nyamizeze (106740-4)';38;3
1108;'PJheLSK1Ps6';'Nyampande (106745-3)';38;3
1109;'xuEB1qUVFM0';'Nyamtelela (106747-9)';38;3
1110;'WVPP94WfgmE';'Nyanchenche (106757-8)';38;3
1111;'QGpdKGh5gZo';'Nyangalamila (106762-8)';38;3
1112;'YbGJtsOGB2v';'Nyanzenda (106796-6)';38;3
1113;'olq6qdLu6CB';'Nyanzumula (106798-2)';38;3
1114;'O4eR9x8leuJ';'Nyehunge (106839-4)';38;3
1115;'V8fa2zte6Pc';'Sengerema (107369-1)';38;3
1116;'JFkdaj9BPsf';'Sengerema Secondary (107371-7)';38;3
1117;'MbnHOJum2eX';'Sima (107470-7)';38;3
1118;'jtnViTBDJjz';'Sogoso (107513-4)';38;3
1119;'eMcMAJ7AR4a';'Sotta (108488-8)';38;3
1120;'CYEjGX6z2Uz';'Sukuma (107656-1)';38;3
1121;'AVisaT6e2Qv';'Tunyenye (107955-7)';38;3
1122;'y8yLdYw3hgI';'Bugorola (100459-7)';39;3
1123;'gtETugmfTHE';'Bugula (100460-5)';39;3
1124;'UjkWS8HfJXe';'Bukiko (100501-6)';39;3
1125;'z3kJSJgeETC';'Bukondo (100514-9)';39;3
1126;'gX4P2cAbl2t';'Bukonyo (100515-6)';39;3
1127;'bwSN1cDNXk2';'Bulamba (100527-1)';39;3
1128;'xY2ezOqfx2t';'Busangu Mwigu (100588-3)';39;3
1129;'BuDnADvQuiw';'Busumba (100614-7)';39;3
1130;'spIF8tjLNKO';'Buzengwe (100635-2)';39;3
1131;'S7Fvr3F39kD';'Bwisya (100663-4)';39;3
1132;'eUi9k96LM8q';'Chifule (100788-9)';39;3
1133;'ShDlVp13nLd';'Gallu (101175-8)';39;3
1134;'FIA8qz6YhIe';'Hamkoko (101306-9)';39;3
1135;'ClpuDezDEuC';'Hamuyebe (109452-3)';39;3
1136;'zOXC09fdZHg';'Igalla (101521-3)';39;3
1137;'tyOU8I5kFF1';'Irugwa (101864-7)';39;3
1138;'slvpZXJp3jB';'Kagunguli (102177-3)';39;3
1139;'iuiN2q818hu';'Kamasi (102275-5)';39;3
1140;'TKHJmT5qbTA';'Kaseni (102418-1)';39;3
1141;'x25VE90KfyB';'Kigara (102699-6)';39;3
1142;'ysRMKCmq082';'Kweru (103412-3)';39;3
1143;'uOHeJi4jYO1';'Muhula (105659-7)';39;3
1144;'VxqNPjdFEE5';'Mukunu (105670-4)';39;3
1145;'y24kam8MKi5';'Muriti (105703-3)';39;3
1146;'bJGkp1qlUfp';'Muruseni (105711-6)';39;3
1147;'FZT43Xp5RUT';'Murutilima (105712-4)';39;3
1148;'j3pPaedH0Lx';'Murutunguru (105713-2)';39;3
1149;'eAzsNN8cssH';'Namagondo (106098-7)';39;3
1150;'GN7MZ36aqOs';'Nyamanga (106699-2)';39;3
1151;'vk6qbEAHCi1';'Rubya (107124-0)';39;3
1152;'OohWIgPqgb8';'Sizu (107506-8)';39;3
1153;'qAJyCrjuB5j';'Ukerewe (108053-0)';39;3
1154;'wdmlPAc2tsp';'Bagamoyo (100221-1)';40;3
1155;'vibacveB3ha';'Bwawani (100653-5)';40;3
1156;'kzskBJ0Zn2E';'Chalinze (100706-1)';40;3
1157;'pVTBczdXd4y';'Chambezi (100717-8)';40;3
1158;'FuQwR0kpRAq';'Fukayosi (101157-6)';40;3
1159;'UTjYtA58Qlu';'Gongo (110153-4)';40;3
1160;'LOyBMQM1cNy';'Hondogo (101387-9)';40;3
1161;'mhklirUfZLj';'Kaole (102352-2)';40;3
1162;'ZgJLCgQmzFI';'Kerege (102545-1)';40;3
1163;'EWs0fKY7IpY';'Kibindu (102601-2)';40;3
1164;'fhO4VnyydfQ';'Kidogozero (102665-7)';40;3
1165;'HdGl5QQKXI6';'Kifuleta (102683-0)';40;3
1166;'i4rBIu8hw8S';'Kigongoni (102724-2)';40;3
1167;'lMa3vLA8vzk';'Kimange (102898-4)';40;3
1168;'ZeOl9cO0Ib5';'Kiromo (103041-0)';40;3
1169;'w8wMNosFju1';'Kituo Cha maarifa ya jamii (109231-1)';40;3
1170;'cRScg6FEZQ7';'Kiwangwa (103224-2)';40;3
1171;'uMzQBuKlPcc';'Kongo (103303-4)';40;3
1172;'drskgY2W1wD';'Kwamduma (103373-7)';40;3
1173;'BDe1cJr9nN4';'Kwamsanja (103379-4)';40;3
1174;'CkvVFMfTBPL';'Kwangwandu (103385-1)';40;3
1175;'E8RA4RWsvB5';'Kwaruhombo (103389-3)';40;3
1176;'QpAvD9OgrGM';'Kweikonje (103400-8)';40;3
1177;'u5KkXGevIml';'Lower Ruvu (103596-3)';40;3
1178;'seK58ctIZ2R';'Lugoba (103643-3)';40;3
1179;'lfXUXuBa7Q0';'Lugoba Secondary (103645-8)';40;3
1180;'CMGGdMy9F3T';'Makombe (110149-2)';40;3
1181;'YbsAlGMUOPU';'Makurunge (104146-6)';40;3
1182;'POg7hB78pXe';'Mandamazingo (104224-1)';40;3
1183;'ZWIViFlZdAr';'Mapinga (104301-7)';40;3
1184;'qd5odDBkW0x';'Masimbani (104410-6)';40;3
1185;'gAGRdRivnfz';'Masuguru (104425-4)';40;3
1186;'UM5ZguqObUQ';'Mataya (104450-2)';40;3
1187;'NlST8HpJIez';'Matipwili (104471-8)';40;3
1188;'VobhzAq1YZL';'Matuli (104486-6)';40;3
1189;'mKhnzuc4RM0';'Mbegani (104587-1)';40;3
1190;'YqybOl01Ouh';'Mboga (104621-8)';40;3
1191;'vEqNS8FfKD8';'Mbwewe (104686-1)';40;3
1192;'pkOXjBGqSIV';'Mihuga (104892-5)';40;3
1193;'cSekP5iNvNx';'Milo (108452-4)';40;3
1194;'oYVl2aIS8pv';'Miono (104955-0)';40;3
1195;'FOUnEd8Accc';'Mkange (105053-3)';40;3
1196;'AfkZRTeeKc2';'Mkenge (105065-7)';40;3
1197;'e1SrLWd7ehi';'Mkoko (105085-5)';40;3
1198;'kHh9lbaA1lJ';'Mlingotini (105209-1)';40;3
1199;'GJlvr8bvUr8';'Msata (105443-6)';40;3
1200;'BA8n0mqYE7f';'Msinune (105476-6)';40;3
1201;'Z9lRSzeFd16';'Msoga (105483-2)';40;3
1202;'AsNOXxGtpZr';'Narco (106202-5)';40;3
1203;'r3oEOwzvc5n';'Pongwe Kiona (107026-7)';40;3
1204;'pJTiWLIF0QL';'Boko Mnemela (100391-2)';41;3
1205;'Vgk1H16peCD';'Dawasco (100959-6)';41;3
1206;'j6Ehv0EiRFW';'Disunyara (100983-6)';41;3
1207;'a3Y2plk6F6Y';'Dutumi (101044-6)';41;3
1208;'Gd4Cy3L8QT4';'Galagaza (110007-2)';41;3
1209;'Sqf7ny6hFNB';'Galagaza (110220-1)';41;3
1210;'lN128iBaJtf';'Gumba (101267-3)';41;3
1211;'WR5YvMGjsPZ';'Gwata (101284-8)';41;3
1212;'pN6i9UzWBLQ';'Kikongo (102790-3)';41;3
1213;'HJV41aTbKeZ';'Kitomondo (110032-0)';41;3
1214;'Fsfq1RuBKtG';'Kongowe (108444-1)';41;3
1215;'EcK2X7NYE7f';'Kongowe Forest (103309-1)';41;3
1216;'m4qhMXuHlEm';'Kwala (108445-8)';41;3
1217;'u13LvuQzitd';'Lukenge (103688-8)';41;3
1218;'P5nXglHejI3';'Lupunga Dispensary (108446-6)';41;3
1219;'VorEnuLEslM';'Magereza (103948-6)';41;3
1220;'zi71oKR6lXA';'Magindu Dispensary (103967-6)';41;3
1221;'Nwob8TAwypA';'Mbwawa (104680-4)';41;3
1222;'f1g15wPvHyS';'Misugusugu (108453-2)';41;3
1223;'BASFQOdLBlK';'Miswe (104993-1)';41;3
1224;'kfC7Z3p8LL8';'Mkoani (105080-6)';41;3
1225;'SCmFSPHHdct';'Mlandizi (105189-5)';41;3
1226;'ZVF3dYFwA8o';'Mperamumbi (105365-1)';41;3
1227;'YTVbVEBpiIP';'Msangani (108454-0)';41;3
1228;'E1jkOyHR6Ce';'Msua (110008-0)';41;3
1229;'jTmM2BNIwql';'Mtakuja (110017-1)';41;3
1230;'FjEh52rUipz';'Mwanabwito (105899-9)';41;3
1231;'YoB19ZTsKzw';'Mwendapole (106001-1)';41;3
1232;'g8viczg3OA8';'Ngeta (106375-9)';41;3
1233;'mDiNojlh55k';'Nyumbu (106865-9)';41;3
1234;'xFRna8WKnRr';'Police (107010-1)';41;3
1235;'uFv1LnIdgKL';'Ruvu JKT (107181-0)';41;3
1236;'Aq1kxKCG9gf';'Ruvu Sec (107185-1)';41;3
1237;'yWw3wO2KjqU';'Ruvu Station (107186-9)';41;3
1238;'xjahWF6jWZw';'Soga (107530-8)';41;3
1239;'wLSPDEw1DM3';'Tumbi (107942-5)';41;3
1240;'Li3kDOrKJwq';'Vikawe Dispensary (108459-9)';41;3
1241;'s990J3KfQZC';'Vikuge (108260-1)';41;3
1242;'SOf0DPI9fEu';'Visiga (108270-0)';41;3
1243;'gjqD7K2TSp1';'Viziwaziwa (108273-4)';41;3
1244;'IMzgxAce2x3';'Bembeza (100345-8)';42;3
1245;'XNbtrHaV3r3';'Chole (100873-9)';42;3
1246;'v8T64SF8G1v';'Gwata (101285-5)';42;3
1247;'vRTGvqN0bXJ';'Homboza (101385-3)';42;3
1248;'rhihVcOmtEb';'kazimzumbwi (108590-1)';42;3
1249;'S947T4fn4DY';'Kibasila (102587-3)';42;3
1250;'nRxNAhFC01T';'Kidugalo (102669-9)';42;3
1251;'teVyKEvoHpE';'Kihare (102738-2)';42;3
1252;'gAs4Jy0fi6n';'Kiluvya (102885-1)';42;3
1253;'xbh62I6oFho';'Kiluvya JWTZ (102886-9)';42;3
1254;'Hd7HbycPF6I';'Kimalamisale (102891-9)';42;3
1255;'g44acS02JQI';'Kisanga (108588-5)';42;3
1256;'qiHJ6ymBaLL';'Kurui (103343-0)';42;3
1257;'lKx0PsZGLx0';'Mafizi (103881-9)';42;3
1258;'k08nR4rUiW5';'Maneromango (104237-3)';42;3
1259;'EZXruj0LEKh';'Marui (104356-1)';42;3
1260;'VFUBMS3NbQV';'Marumbo (104363-7)';42;3
1261;'TQK3IWKM9bq';'Masaki (104371-0)';42;3
1262;'JqhMJDv5KwY';'Masanganya (104380-1)';42;3
1263;'f3bkEn84vaI';'Minaki (104940-2)';42;3
1264;'oJlrCavfL2w';'Msanga (105431-1)';42;3
1265;'mb4TAQj8Sac';'Mwanzo mgumu (105952-6)';42;3
1266;'or0IydHRmrx';'Mzenga (106047-4)';42;3
1267;'ikEU21sQcMW';'Sanze (107299-0)';42;3
1268;'xVVGFJGBmqt';'Sofu (107512-6)';42;3
1269;'fr5yuYYoBsM';'Sungwi (107671-0)';42;3
1270;'wWZtGGzBS7O';'Vihingo (108254-4)';42;3
1271;'QDoixirKTH6';'Vikumburu (108261-9)';42;3
1272;'v8gu5VFveBz';'Ving''andi (108663-6)';42;3
1273;'daYiLAWxSqD';'Zegero (108411-0)';42;3
1274;'y9vGDxTqdvx';'Baleni (100290-6)';43;3
1275;'bTFLkg3sh6d';'Banja (100312-8)';43;3
1276;'uGFQ3v2K2mz';'Bwejuu (108558-8)';43;3
1277;'OXj1AThUCSs';'Bweni (100657-6)';43;3
1278;'JJDhDQKrxUJ';'Chemchem (Miburani) (100769-9)';43;3
1279;'v7t8T2UdREl';'Chole (100874-7)';43;3
1280;'t8m95wgrqJT';'Chunguruma (100889-5)';43;3
1281;'F6hTkBRpf03';'Gonge (108574-5)';43;3
1282;'moHsAJB0ZLJ';'Jibondo (102081-7)';43;3
1283;'iGyjWkKBuAf';'Jimbo (102084-1)';43;3
1284;'HZzpsTXUwdn';'Jojo (102100-5)';43;3
1285;'H1Z7RUnqSl4';'Juani (102105-4)';43;3
1286;'nWOpUjKwOtE';'Kanga (102317-5)';43;3
1287;'CwSmkqkDLcH';'Kirongwe (103045-1)';43;3
1288;'sZtLeJySsCm';'Kungwi (103339-8)';43;3
1289;'Kikj0crgoVJ';'Mafia (103875-1)';43;3
1290;'OAd6KbkVh0y';'Marimbani (104347-0)';43;3
1291;'XDmo362B9pM';'Mlongo (108565-3)';43;3
1292;'DmEmAhtT3ve';'Ndagoni (106229-8)';43;3
1293;'pPwKY3jutRe';'Utende (108204-9)';43;3
1294;'vVUul2nsvDK';'Binga (100370-6)';44;3
1295;'D9pfMRpQcKo';'Bupu (100004-1)';44;3
1296;'qLqbs4yQ8Lf';'Kibuyuni (102634-3)';44;3
1297;'UiY9ncN5Ywy';'Kisiju (103107-9)';44;3
1298;'Z3ZvHw4wuSX';'Kitomondo (108434-2)';44;3
1299;'t2LTJ6Z4LYe';'Kiwambo (103221-8)';44;3
1300;'OXMEwx6WJZ3';'Lukanga (103682-1)';44;3
1301;'V1gDVFajNA6';'Lupondo (103743-1)';44;3
1302;'ZQoiyWXAZ7i';'Magawa (103912-2)';44;3
1303;'qohiDsecjzs';'Magoza (103989-0)';44;3
1304;'j1ljgxJI2OS';'Marogoro (104352-0)';44;3
1305;'fLAsKELAvR0';'Mdimni (104706-7)';44;3
1306;'O8VgvFqIdus';'Mkamba (105047-5)';44;3
1307;'vQF1ry8IK5m';'Mkiu (105077-2)';44;3
1308;'manmS49HGvB';'Mkuranga (105143-2)';44;3
1309;'wIH8EVQ22pt';'Mlamleni (105185-3)';44;3
1310;'fGcn2uHxl3J';'Mpafu (105326-3)';44;3
1311;'peVdsnVKhri';'Msorwa (105499-8)';44;3
1312;'lq3Q3aDsWE6';'Msufini Kidete (105505-2)';44;3
1313;'pJ87ZBO65pr';'Mwanambaya (105898-1)';44;3
1314;'KyLfFmwIoRV';'Nasibugani (106207-4)';44;3
1315;'JX0AkBMjY1L';'Njia Nne (106492-2)';44;3
1316;'TiBSzo6ClIr';'Njopeka-Bamita (106504-4)';44;3
1317;'BKCjeRh8OLA';'Nyamato (106703-2)';44;3
1318;'jtDtbaqW7jf';'Sangasanga (107283-4)';44;3
1319;'H2ynQOgkZEa';'Shungubweni (107448-3)';44;3
1320;'LFxLmG9nN8o';'Sotele (107555-5)';44;3
1321;'qLWgD09WNBX';'Vianzi (108244-5)';44;3
1322;'W7ghtVFJhjP';'Vikindu (108258-5)';44;3
1323;'gYjfqgYG4ba';'Ving''andi (108264-3)';44;3
1324;'xJYAtH5EISz';'Bungu (100571-9)';45;3
1325;'PUKj2mMfU3Z';'Bungu HC (100573-5)';45;3
1326;'yUfjklVmuOX';'Chumbi (100887-9)';45;3
1327;'LdM3S3ef0hI';'Hanga (101315-0)';45;3
1328;'wxS4fqZvYrK';'Ikwiriri (101700-3)';45;3
1329;'vrkKkjqQEMV';'Jaja (102071-8)';45;3
1330;'ElU5deaYg45';'Jaribu Mpakani (102076-7)';45;3
1331;'wh8pQwcLVXQ';'Kiasi (102566-7)';45;3
1332;'bwzteCZhpe3';'Kibiti (102607-9)';45;3
1333;'GLDHvkXsh2l';'Kiechuru (102674-9)';45;3
1334;'PogLqSHLH4n';'Kikale (102769-7)';45;3
1335;'brMUn15mbeV';'Kilimani (102839-8)';45;3
1336;'xvabZxEKkm8';'Kilulatambwe (102880-2)';45;3
1337;'Kn7HlbVpdz1';'Kimbuga (102906-5)';45;3
1338;'Vabr2VkJIxT';'Kingupira (102955-2)';45;3
1339;'RZWiH8LNsCw';'Kiomboni (102982-6)';45;3
1340;'wxpcAgB3GBW';'Kiongoroni (102986-7)';45;3
1341;'HSnDMx9UHV6';'Kipugira (103014-7)';45;3
1342;'OPnvBA8AcsO';'Kivinja (103212-7)';45;3
1343;'PL30y0rukIu';'Kivinja B (103213-5)';45;3
1344;'xoH186EvHcj';'Kiwanga (103223-4)';45;3
1345;'PoC04stb9m1';'Machipi (103834-8)';45;3
1346;'r8sQSagmb7i';'Mahege (104013-8)';45;3
1347;'nKBRYS9FLvV';'Maparoni (104295-1)';45;3
1348;'vqPWvv8m1Xz';'Mbuchi (104640-8)';45;3
1349;'mrcmrO8i4py';'Mbuyu/Mvuleni (104667-1)';45;3
1350;'zxmAtkZl7BG';'Mbwara (104678-8)';45;3
1351;'ntqDA9HA9MZ';'Mbwera (104685-3)';45;3
1352;'mT3WCcHra5w';'Mchinga (104692-9)';45;3
1353;'I48pvXbPJKm';'Mchukwi (104696-0)';45;3
1354;'p6PGAGAhvtF';'Mchungu (104698-6)';45;3
1355;'sO5EeYk7KET';'Mfisini (104754-7)';45;3
1356;'S6vukyzwAcl';'Mkenda (105064-0)';45;3
1357;'WvmuUG7cLjM';'Mkongo (105102-8)';45;3
1358;'zrRUTeWEHUe';'Mkupuka (105142-4)';45;3
1359;'nSGeMsQcxdH';'Mlanzi (105196-0)';45;3
1360;'QRiuw69d83G';'Mng''aru (105248-9)';45;3
1361;'frkVLkJ4owZ';'Mohoro (105266-1)';45;3
1362;'N7WDRjpX6kP';'Msala (105415-4)';45;3
1363;'SU6nehb8HO5';'Msindaji (105471-7)';45;3
1364;'AwEAo2JvMrO';'Mtanza (105537-5)';45;3
1365;'lTSTQNTSphZ';'Mtawanya . (105541-7)';45;3
1366;'JbByxgjoEnZ';'Mtunda (105602-7)';45;3
1367;'Itu1pWA6Jmq';'Muyuyu (105746-2)';45;3
1368;'phZgf6STkZH';'Mwaseni (105967-4)';45;3
1369;'CDfXI7QNAik';'Nambunju (106129-0)';45;3
1370;'J4HvS3FdPOS';'Ndundunyikanza (106280-1)';45;3
1371;'cwBDuGWbVBh';'Ndundutawa . (106281-9)';45;3
1372;'gz0TEocFM8M';'Ngarambe (106351-0)';45;3
1373;'GwBwchnc4LQ';'Ngorongo (106420-3)';45;3
1374;'VZL3cY1EuDC';'Ngulakula (106431-0)';45;3
1375;'A6jXi6BAIvq';'Nyakinyo (106676-0)';45;3
1376;'Om1P8qYURnO';'Nyambili (106708-1)';45;3
1377;'HDYE0DB0xnJ';'Nyambunda (106714-9)';45;3
1378;'XRgUsUE4B1p';'Nyaminywili (106731-3)';45;3
1379;'K7ZoPJjZRaE';'Nyamisati (106734-7)';45;3
1380;'Cgl1kI4jSzT';'Nyamwange (106752-9)';45;3
1381;'HyJ6j7OfXvP';'Nyanjati (106780-0)';45;3
1382;'GpOM0bjh9Ov';'Pombwe (107023-4)';45;3
1383;'pjS4CcRGxSZ';'Ruaruke (107119-0)';45;3
1384;'rJ5T9jWfQSF';'Rungungu (107161-2)';45;3
1385;'MPVH9Oen8Ne';'Ruwe (107188-5)';45;3
1386;'lXpT210oN75';'Salale (107244-6)';45;3
1387;'DIgX94OToSL';'Tapika (107768-4)';45;3
1388;'thzuDEPdaJL';'Tawi (107784-1)';45;3
1389;'kfErKP1Qyhy';'Tomoni (107862-5)';45;3
1390;'lRZnhPzaiGJ';'Twasalie (107964-9)';45;3
1391;'sclgcaVT9UB';'Utete (108211-4)';45;3
1392;'B4nwVqQYufH';'Utunge (108219-7)';45;3
1393;'beLNE4eVGVx';'Buganzo (100444-9)';46;3
1394;'eqJtr4oI4W9';'Bugarama (100446-4)';46;3
1395;'Xyeuj7Jtw5x';'Bukomela (100512-3)';46;3
1396;'UY85VdXoQxe';'Bulige (100536-2)';46;3
1397;'z1DonDkp1Cw';'Bulungwa (100548-7)';46;3
1398;'qRsok3F2yHe';'Busangi (100587-5)';46;3
1399;'vgzSNQ4B7nv';'Busenda (100594-1)';46;3
1400;'fu8zjD37wbY';'Chambo (100718-6)';46;3
1401;'XW2WbBzza89';'Chela (100762-4)';46;3
1402;'I8PAul9TzGY';'Idahina (101469-5)';46;3
1403;'l9OxB5fGXsp';'Igwamanoni (101599-9)';46;3
1404;'NRFabh83CVE';'Isagehe (101866-2)';46;3
1405;'EjzQM8iDWXi';'Isaka (101869-6)';46;3
1406;'hTMWNEgCh0f';'Iyenze (102041-1)';46;3
1407;'NglTg3rUE7L';'Jana (102073-4)';46;3
1408;'tUh2FNOS2x1';'Kagongwa (102172-4)';46;3
1409;'NkNXhPcWEYC';'Kahama (102181-5)';46;3
1410;'ccGyGKDeuIW';'Kalagwa (110049-4)';46;3
1411;'fjILdYfnQ9f';'Kashishi (102434-8)';46;3
1412;'pN607A40XWx';'Kilago (102807-5)';46;3
1413;'RLHD8bT391H';'Kinaga (102922-2)';46;3
1414;'hRHlgv3kaWk';'Kinamapula (102924-8)';46;3
1415;'HB0L8xrTOnB';'Kisuke (103136-8)';46;3
1416;'RAkjuJ4eHJd';'Luhaga Dispensary (108599-2)';46;3
1417;'iJtuClfeODF';'Lunguya (103722-5)';46;3
1418;'ToPrmOHAhv0';'Magereza Prison (103960-1)';46;3
1419;'jFiKOT28xEZ';'Mapamba (104293-6)';46;3
1420;'fSDzStBTwsL';'Mhandu (110266-4)';46;3
1421;'r9wKDPGMsSK';'Mkwangulwa (105161-4)';46;3
1422;'BDHw1thhOHJ';'Mpunze (105395-8)';46;3
1423;'rLMvgNyn3oG';'Mwabomba (110031-2)';46;3
1424;'KzWpO9GnKiE';'Mwalugulu (110028-8)';46;3
1425;'oBVx1pJPQkI';'Mwazimba (105987-2)';46;3
1426;'tOVFkSmA55G';'Mwime (106022-7)';46;3
1427;'VElqRWMudnI';'Ngaya (106364-3)';46;3
1428;'dEO8a8dFgJA';'Ngogwa (110123-7)';46;3
1429;'MGkWQcUJJL1';'Ntobo (106607-5)';46;3
1430;'k6weLgLMMJq';'Nundu (106619-0)';46;3
1431;'QXO3WlD0haX';'Nyalwelwe (106685-1)';46;3
1432;'P5a4k7pBOma';'Nyambula (106713-1)';46;3
1433;'MlL99ejMcCF';'Nyankende (110026-2)';46;3
1434;'w5xR8E2JcOa';'Sangilwa (107286-7)';46;3
1435;'sDVo0oYmwVR';'Seeke (107342-8)';46;3
1436;'ArjGACPQBbY';'Segese (107349-3)';46;3
1437;'Tl1x22lVbqC';'Shilela (107417-8)';46;3
1438;'qxpoFFaqkQp';'Ubagwe (107987-0)';46;3
1439;'U1PecZG4nPO';'Ukune (108063-9)';46;3
1440;'pQfSRTnRBbe';'Ulowa (108080-3)';46;3
1441;'K5wDLmFJWr3';'Ushetu (108173-6)';46;3
1442;'ZrqxkFx8PRR';'Uyogo (108231-2)';46;3
1443;'Ru0tdADFxJg';'Zongomela (108427-6)';46;3
1444;'EiQQ2HjXzs5';'Badi (109245-1)';47;3
1445;'wXecoSPQVZ3';'Beledi (100344-1)';47;3
1446;'HMQokv1Px8l';'Bubiki (100424-1)';47;3
1447;'uRFQ8jw662w';'Bubinza (100427-4)';47;3
1448;'dgLgiv6DjIQ';'Buganika (100441-5)';47;3
1449;'f1K3ldB2cui';'Bulekela (100532-1)';47;3
1450;'qgCGg3v4NeF';'Bulima (100538-8)';47;3
1451;'kuFXncpmho8';'Bunambiyu (100561-0)';47;3
1452;'JcUfosKSMM5';'Bupigi (100002-5)';47;3
1453;'uyrxH2E2Dbw';'Busangwa (100589-1)';47;3
1454;'L0is70FCd68';'Hindawashi (101365-5)';47;3
1455;'Bk3witAtyD1';'Idukilo (101488-5)';47;3
1456;'qJ3MPcjiurK';'Igaga B (101512-2)';47;3
1457;'ztkGPkpYinW';'Ikonda (101666-6)';47;3
1458;'fWRljQ1wADH';'Ilebelebe (101723-5)';47;3
1459;'bdMicbkPF2c';'Isungangholo (101939-7)';47;3
1460;'KStiyzVNLva';'Itilima (101983-5)';47;3
1461;'qH5T1Ay46aA';'Itongoitale (101999-1)';47;3
1462;'s80jqQXpzSv';'Kiloleli (102861-2)';47;3
1463;'cY9w10zbQMG';'Kinampanda (102926-3)';47;3
1464;'fmN7b8R0gss';'Kisesa (103089-9)';47;3
1465;'M882zOcMg04';'Kishapu (103099-8)';47;3
1466;'hdU0TgTPSwu';'Lagana (103444-6)';47;3
1467;'SfGwwRnQwHv';'Lubaga (103605-2)';47;3
1468;'im1DFVxehrh';'Magalata (103894-2)';47;3
1469;'hO06OC5Wn9j';'Maganzo (103906-4)';47;3
1470;'ZDzmwqvOZgG';'Malwilo (104196-1)';47;3
1471;'G5Fno6OhNog';'Masanga (104377-7)';47;3
1472;'j1BNmMvO92o';'Migunga (104881-8)';47;3
1473;'UiW6nnbY7nn';'Mipa (104956-8)';47;3
1474;'Zd8NDN0ADJ3';'Mondo (105286-9)';47;3
1475;'TofxbbnWpu7';'Muguda (105637-3)';47;3
1476;'Y8Y4bjzRubB';'Mwadui Lohumbo (105806-4)';47;3
1477;'BPV7cji5uDo';'Mwamanota (105863-5)';47;3
1478;'rxIRJzlLZji';'Mwamashele (105868-4)';47;3
1479;'doKjOyfMZeL';'Negezi (106303-1)';47;3
1480;'Mx7ZV6WjA7l';'Ngeme (106370-0)';47;3
1481;'QGItS4BSFpp';'Ngofila (106390-8)';47;3
1482;'ZMFfDF3TaB0';'Ngwajidalala (109241-0)';47;3
1483;'QMaDBbd1cDs';'Nhobola (106467-4)';47;3
1484;'ThLVc0sFL7F';'Nyasamba (106818-8)';47;3
1485;'VKHTLcngZPx';'Nyenze (106844-4)';47;3
1486;'fV1c7Vg0KsF';'Sekebugoro (107352-7)';47;3
1487;'ehmxR5XpCfo';'Seseko (107380-8)';47;3
1488;'j3V8jpplaOh';'Shagihilu (107389-9)';47;3
1489;'Z5xE6H1ki9P';'Shinyanga Sec School (107425-1)';47;3
1490;'giYDcAbck6I';'Somagedi (107525-8)';47;3
1491;'mJBZK0aCFdf';'Songwa (107547-2)';47;3
1492;'d3SgW3ykl6X';'Uchunga (108003-5)';47;3
1493;'EqY5wto6QKV';'Bubale (100422-5)';48;3
1494;'f4kQlQ0Ujat';'Bubimbagu (100425-8)';48;3
1495;'X1TeY7LxTWq';'Bugogo (100456-3)';48;3
1496;'KaBXG9OVone';'Bugwandege (100465-4)';48;3
1497;'ry03GNj0Hl3';'Bukene (100499-3)';48;3
1498;'d4bR21s5rbk';'Bukumbi (100518-0)';48;3
1499;'hyX91vtKt1i';'Bushora (100602-2)';48;3
1500;'Rnpz0DrsUG6';'Butini (100622-0)';48;3
1501;'iwp6McglSSi';'Chamaguha (100711-1)';48;3
1502;'Cnc466k1RSh';'Chibe (100774-9)';48;3
1503;'kBh2y2DgZHw';'Chuo Cha Ushirika (100896-0)';48;3
1504;'ovuclXMpVFE';'Didia (100972-9)';48;3
1505;'nt6RnrXXmop';'Galamba (101171-7)';48;3
1506;'SyrYRhCJXlR';'Ibadakuli (101430-7)';48;3
1507;'KHeE2LfqO10';'Ihalo (101603-9)';48;3
1508;'Zq3a9nyasBz';'Ihugi (101623-7)';48;3
1509;'n4tPloN9K7i';'Ikonda (101665-8)';48;3
1510;'Ht1ZB8qkrhS';'Ilobashi (101747-4)';48;3
1511;'bfbh3s6dILj';'Ilola (101749-0)';48;3
1512;'YYcepDaFVu0';'Itwangi (102021-3)';48;3
1513;'shCHozBob6C';'Kambarage (102281-3)';48;3
1514;'gWfDKHliaQT';'Kambarage-Police (102282-1)';48;3
1515;'oSmLABLQyNo';'Kizumbi (103256-4)';48;3
1516;'DW7AKNB76Ud';'Kizumbi- JWTZ (103257-2)';48;3
1517;'zrCFtKU40rH';'Lyabukande (103790-2)';48;3
1518;'wS9Yq0wJalg';'Magereza (103940-3)';48;3
1519;'wMKQs1Ba6k6';'Manhigana (104267-0)';48;3
1520;'PNRgiixgK3l';'Masengwa (104396-7)';48;3
1521;'hdv6m9FCDk3';'Mawemilu (104510-3)';48;3
1522;'uOX2LEOQzBQ';'Mendo (104729-9)';48;3
1523;'wlogtttUnRo';'Mishepo (104975-8)';48;3
1524;'wQzD23leXEw';'Mwabenda (105789-2)';48;3
1525;'SYdGHNGNhrb';'Mwagala (105812-2)';48;3
1526;'YS31FRitQDS';'Mwajiji (105822-1)';48;3
1527;'mr6gKOyBUff';'Mwakitolyo (105833-8)';48;3
1528;'lEhC97v8f1O';'Mwalukwa (105843-7)';48;3
1529;'zDlIQE0jba2';'Mwamadilanha (105846-0)';48;3
1530;'knFH9hsDfW0';'Mwamakaranga (105850-2)';48;3
1531;'Ig2HdC0diCI';'Mwamala (105854-4)';48;3
1532;'iU01H2gtKIr';'Mwamalili (108584-4)';48;3
1533;'jmzzmbLEa1p';'Mwamalulu (105858-5)';48;3
1534;'zcPbwTmoV1B';'Mwamanyuda (105864-3)';48;3
1535;'aVXJkH017Ru';'Mwamashele (105869-2)';48;3
1536;'PxrpG1BHyWP';'Mwanagunguli (105894-0)';48;3
1537;'aD6ImDZNh0e';'mwasekagi (105966-6)';48;3
1538;'MJiCLCBy2q8';'Mwasingu (105975-7)';48;3
1539;'H4hbWgMHhV1';'Mwawaza (105980-7)';48;3
1540;'QYzbeE8cOBF';'Mwenge (106004-5)';48;3
1541;'amnZJ0LWWsp';'Ng''homango (106379-1)';48;3
1542;'Nc7qVjNVYWI';'Ngokolo (106394-0)';48;3
1543;'J7jrZMGYbD1';'Banemhi (100306-0)';49;3
1544;'egqZ9fzaggz';'Bariadi (100327-6)';49;3
1545;'kBNZiFRtrxE';'Bariadi-Magereza (100328-4)';49;3
1546;'s7tQEyXCT80';'Bunamhala Chuoni (100562-8)';49;3
1547;'Nu7ob0h5lZf';'Byuna (100667-5)';49;3
1548;'PW2bX6IImDX';'Ditima (100984-4)';49;3
1549;'oZI2q12HJLo';'Dutwa (101045-3)';49;3
1550;'MPkYikC05vL';'Gambosi (101179-0)';49;3
1551;'UvxknC7fN3k';'Gasuma (101185-7)';49;3
1552;'HS0nWr9JscT';'Gibeshi (101211-1)';49;3
1553;'FFNfiamsZdg';'Guduwe dispensary (108819-4)';49;3
1554;'Y0rHS5cjuIt';'Halawa (101298-8)';49;3
1555;'CPzxGADKYRK';'Igegu (101538-7)';49;3
1556;'XJfqPVNMuB2';'Ihusi (101628-6)';49;3
1557;'K59ummAXiwO';'ikungulwambesi dispensary (108781-6)';49;3
1558;'ZMduEiFroML';'Ikungulyabashashi (101688-0)';49;3
1559;'CTxYkx7lmi3';'Imalilo (101790-4)';49;3
1560;'Oh41F6kupZb';'Isanga (101878-7)';49;3
1561;'dS4FyIobemN';'Kasoli (102443-9)';49;3
1562;'Yl7TnqEoxeM';'Lulayu (103702-7)';49;3
1563;'udIu28qglnJ';'Masewa (104397-5)';49;3
1564;'CcNn9vpsSuG';'Matale Somanda (104443-7)';49;3
1565;'gpvSTQCzaa3';'Matongo Gerezani (109672-6)';49;3
1566;'wPsoXpWQi4S';'Matongo I (104480-9)';49;3
1567;'XsBZB7z8neZ';'Miswaki (104992-3)';49;3
1568;'GE8dyq8ZMTV';'Muungano (105737-1)';49;3
1569;'MFdxOQd8e1f';'Mwadobana (105803-1)';49;3
1570;'ScPnXNYHmxj';'Mwakibuga (105828-8)';49;3
1571;'RYHrsxEEyQh';'Mwamlapa (105891-6)';49;3
1572;'sWAOcWCvUHb';'Mwasinasi (105974-0)';49;3
1573;'LE8SM9HKNOR';'Mwasubuya (105976-5)';49;3
1574;'gaHnNjL3zv0';'Ng''wang''wale (106459-1)';49;3
1575;'cwnB9E0loSv';'Ngala (106331-2)';49;3
1576;'mfd77kNjMpe';'Ngeme (106369-2)';49;3
1577;'HK0pzzUBkiZ';'Ngulyati (106437-7)';49;3
1578;'q0X1VaDFnyC';'Nkindwabiye (106519-2)';49;3
1579;'lSie4A5LQgo';'Nkololo (106530-9)';49;3
1580;'nBmxxjDjhpG';'Nyamikoma (106727-1)';49;3
1581;'PsY736BflvT';'Nyamswa (106746-1)';49;3
1582;'YoqfnZDfdjY';'Nyangokolwa (109673-4)';49;3
1583;'gcPrbVWkq8Q';'Nyaumata (106833-7)';49;3
1584;'XMidkr8s1lT';'Nyawa (106834-5)';49;3
1585;'T1zHVCm4yDV';'Sakwe (107242-0)';49;3
1586;'DtsjhhjWlB7';'Sapiwi (107300-6)';49;3
1587;'An6XhAlx2YO';'Badugu (100218-7)';50;3
1588;'VkvHnVyGhKN';'Busami (100584-2)';50;3
1589;'uaSVu1vKSr1';'Bushingwamhala (100600-6)';50;3
1590;'WocfmVWiHLQ';'Gininiga (101220-2)';50;3
1591;'hwdvvvHZ71E';'Igalukilo (101522-1)';50;3
1592;'aKLPLDfO8Pc';'Ijiha (101633-6)';50;3
1593;'orvhFYwAlNA';'Kalemela (102237-5)';50;3
1594;'JHvntwGbsm1';'Kijereshi (102757-2)';50;3
1595;'zVzLdCNaSEw';'Kiloleli (102860-4)';50;3
1596;'f2yI89y3Fwh';'Lukungu (103696-1)';50;3
1597;'SGPoXW9c4z3';'Lutubiga (103774-6)';50;3
1598;'kMr3qIp9YMb';'Malili (104175-5)';50;3
1599;'g6JFX8OYMVX';'Mungukwanza (110826-5)';50;3
1600;'HcgK9vbUg20';'Mwamagigisi (105848-6)';50;3
1601;'CqhuS82VQ22';'Mwamigongwa (105883-3)';50;3
1602;'RQ1kKxmS9Me';'Mwamjulila (105889-0)';50;3
1603;'lWNcvWGNpe4';'Mwanhale (105936-9)';50;3
1604;'yFpqBEQ2RFQ';'Mwasamba (105964-1)';50;3
1605;'DF6jRoDVxG0';'Nassa (106210-8)';50;3
1606;'vvpp8DuiHyt';'Ngasamo (106361-9)';50;3
1607;'Y2TkvcfBwEi';'Nyaluhande (106681-0)';50;3
1608;'ZXfPdCBMBjL';'Nyamikoma (106726-3)';50;3
1609;'hSJnBFrhNnw';'Shigala (107412-9)';50;3
1610;'t23rJ7UFKTq';'Bukingwaminzi (110380-3)';51;3
1611;'foerpKTYuWh';'Bumera (100558-6)';51;3
1612;'dDK3WIn5xLA';'BunamhalaMbugani (109339-2)';51;3
1613;'ZcvXBHGK89I';'Chinamili (100820-0)';51;3
1614;'MZNnTSZPYEn';'Dasina (110384-5)';51;3
1615;'TBwsIXnKnPd';'Gaswa (101186-5)';51;3
1616;'qVSqfaYrx7J';'Habiya (101290-5)';51;3
1617;'wo7UHT1DUxO';'Ikindilo (101648-4)';51;3
1618;'JfAQhzOUhg7';'Kashishi (102435-5)';51;3
1619;'HAq9SA5CFmH';'Kidula (110378-7)';51;3
1620;'RTcOKCVOKtE';'Kinamweli (102929-7)';51;3
1621;'kWMDJdptPNV';'Lagangabilili (103445-3)';51;3
1622;'QAIdsZFmImi';'laini dispensary (108780-8)';51;3
1623;'lYyLRWIDnT5';'Lalang''ombe (110379-5)';51;3
1624;'g9TBG2wHoY8';'longalombogo (109192-5)';51;3
1625;'De7KSEUZTlR';'Luguru (103656-5)';51;3
1626;'IPYMDXqwhup';'Lung''wa (103724-1)';51;3
1627;'lSc3QidMFMd';'Madilana (103853-8)';51;3
1628;'JifWGmRYn7c';'Mahembe (104015-3)';51;3
1629;'Z9ydS8B7E6e';'Mbogo (110382-9)';51;3
1630;'zzZi17ycbFg';'Mhunze (104808-1)';51;3
1631;'wse3Q9cn1Bi';'Migato (104875-0)';51;3
1632;'YbDve0fJl1k';'Mitobo (104999-8)';51;3
1633;'dPelQYFlpmz';'Mwabuki (105794-2)';51;3
1634;'yWASxMhRlPR';'Mwagimagi (105816-3)';51;3
1635;'nFxcyuBIetW';'mwamtan (108778-2)';51;3
1636;'EPFg4zZNesk';'Mwanunui (105944-3)';51;3
1637;'Ub0JH1lXXlG';'Mwaswale (105978-1)';51;3
1638;'dFqLW8t5g95';'Nanga (106169-6)';51;3
1639;'OW9FtgcI8Pe';'Nangale (106171-2)';51;3
1640;'gxC5nmq2usg';'Ndolelezi (106263-7)';51;3
1641;'zQnv5096Pm4';'Ng''walali (106456-7)';51;3
1642;'Bmvw5cpeEOl';'Ng''wang''wita (110381-1)';51;3
1643;'RHDJgUjqQnr';'Ngeme (109696-5)';51;3
1644;'TjeWjHjIklk';'Nhobora (106468-2)';51;3
1645;'j7K8cKS1yM8';'Nkoma (106532-5)';51;3
1646;'zP2xdBtfIoK';'Nkuyu (106554-9)';51;3
1647;'cW3mTSgb5ey';'Nyamalapa (106695-0)';51;3
1648;'ez39mKPj71q';'Sagata (107229-7)';51;3
1649;'E5d44Y0h6Cg';'Sawida (107313-9)';51;3
1650;'XQJjoV9mgiR';'Senani (107364-2)';51;3
1651;'U0QM9y7GcM8';'Shishani (107432-7)';51;3
1652;'duUeITsFRT5';'Sunzula (107681-9)';51;3
1653;'MUMJgiw0m9r';'Zagayu (108400-3)';51;3
1654;'ZtFbwCc6d5R';'Zanzui (108408-6)';51;3
1655;'LOIQwOZrbTS';'Badi (105650-6)';52;3
1656;'q0S62A8YU8q';'Budekwa (100431-6)';52;3
1657;'n53iEAWqdpc';'Bugarama (100447-2)';52;3
1658;'iAYq2vyWmyS';'Bushashi (100598-2)';52;3
1659;'mvnewRnkWBv';'Dodoma (100990-1)';52;3
1660;'taulcApHn5n';'Dulung''Wa (101036-2)';52;3
1661;'XSduwHxUIaV';'Igunya (101593-2)';52;3
1662;'YKbtz88o5RB';'Ikulilo (101680-7)';52;3
1663;'pWlyhBvxi3k';'Ikungulyankoma (101690-6)';52;3
1664;'kk7OWxKFMUI';'Ilamata (101709-4)';52;3
1665;'mzz51uW3wiW';'Ilambambasa (101710-2)';52;3
1666;'JBZpW5EPjl5';'Ipililo (101828-2)';52;3
1667;'YEeGBN11WSL';'Jija (102083-3)';52;3
1668;'LwYCjELkHUq';'Kadoto (102152-6)';52;3
1669;'gLJILcXpsCo';'Kidaganda (108542-2)';52;3
1670;'ZjKsJs0xdNJ';'Kinamwigulu (102930-5)';52;3
1671;'fhJEsmhGMBf';'Kizungu (103259-8)';52;3
1672;'mXri6z1OQDk';'Lalago (103453-7)';52;3
1673;'Ykfnj2nFzbx';'Malampaka (104162-3)';52;3
1674;'TzgsUUYYLRE';'Malita (104182-1)';52;3
1675;'AWRI5BtlvoY';'Malya (104198-7)';52;3
1676;'EJCflT3Tosa';'Masanwa (104386-8)';52;3
1677;'eXqdtNZ3mzD';'Masela (104394-2)';52;3
1678;'dEca3YKSZru';'Maswa Hospital (109208-9)';52;3
1679;'yczFKM0oIDI';'Maswa Sec (104433-8)';52;3
1680;'H6r7x7fELFJ';'Mpindo (105375-0)';52;3
1681;'nUKW6zlg2Za';'Mwabayanda (105788-4)';52;3
1682;'Xdl5Av44B1H';'Mwabomba (105791-8)';52;3
1683;'w4I9lBwGwIG';'Mwabulimbu (110830-7)';52;3
1684;'ctA022d85F7';'Mwamanenge (105859-3)';52;3
1685;'BQM6PUjSGZI';'Mwambulimbuli (105880-9)';52;3
1686;'MNaiXh637EC';'Mwamitumai (105887-4)';52;3
1687;'vHw5zWPQ2yn';'Mwang''anda (105923-7)';52;3
1688;'axvaV4DqElF';'Mwang''honoli (105929-4)';52;3
1689;'mNDAmrUnSS9';'Mwasayi (105965-8)';52;3
1690;'waV8xMduBw1';'Mwashegeshi (105971-6)';52;3
1691;'fBOQAvkNjtN';'Nguliguli (106432-8)';52;3
1692;'ljrvxkgCMaL';'Nyashimba (106824-6)';52;3
1693;'PfuSsUPUPL7';'Sangamwalugesha (107280-0)';52;3
1694;'JZXl7SWUcWI';'Senani (107363-4)';52;3
1695;'OX1RPKcHTSt';'Seng''wa (107372-5)';52;3
1696;'OqEsFl22H37';'Shinyangamwenge (107426-9)';52;3
1697;'v7ygPPBoe28';'Shishiyu (107433-5)';52;3
1698;'EhS7re2BwuL';'Sulu (107660-3)';52;3
1699;'YoHjt41pyXY';'Zebeya (108410-2)';52;3
1700;'TIHk2LBzmAL';'Buganza (100443-1)';53;3
1701;'uKiVtUMVEX4';'Bukundi (100521-4)';53;3
1702;'sLhigxqvSYQ';'Bulyanaga (109333-5)';53;3
1703;'ZlJOMTPLk15';'Bulyashi (100551-1)';53;3
1704;'LyWgMRLxDqx';'Butuli (109329-3)';53;3
1705;'quejIMvZA54';'Chambala (100715-2)';53;3
1706;'g8B3qFNSJ2I';'Dakama (100944-8)';53;3
1707;'FQfLr9amLcO';'Igobe (109738-5)';53;3
1708;'WxRQ48toneG';'Ikigijo (109716-1)';53;3
1709;'SBA54DjXd3s';'Imalaseko (101786-2)';53;3
1710;'mVS2lKvejuD';'Irambandogo (109340-0)';53;3
1711;'gOGcUb56rpV';'Isangijo (109826-8)';53;3
1712;'Sl9j5ttzB4c';'Isebanda (101892-8)';53;3
1713;'Tsem3SKrzjw';'Itinje (101988-4)';53;3
1714;'rmxTnrRPVCr';'Itongolyangamba (109645-2)';53;3
1715;'EIoEcMf649v';'JINAMO (102085-8)';53;3
1716;'czZqd9eZSMP';'Kabondo (102142-7)';53;3
1717;'X3U0Xrby6RK';'Kisesa (103090-7)';53;3
1718;'ArlJkk2MvKr';'Lingeka (103534-4)';53;3
1719;'SAeg2Q4mdcg';'Longaloniga (103580-7)';53;3
1720;'yioguWHWKRO';'Lubiga (103611-0)';53;3
1721;'DOEw5l87VN5';'Lukale (109701-3)';53;3
1722;'wYPtLRsL2R8';'Malwilo (104197-9)';53;3
1723;'BWYKHeT9XLT';'Mbalagane (104555-8)';53;3
1724;'XUcFeaa2zGX';'Mbugayabahya (104649-9)';53;3
1725;'IFsLTyv6DhR';'Mbushi (104661-4)';53;3
1726;'uZEm7YlkGqF';'Meatu (104709-1)';53;3
1727;'iwzNal96SeD';'Minyanda (104949-3)';53;3
1728;'DDsmAYchCIo';'Mwabagalu (105780-1)';53;3
1729;'FuhQu49Pw8x';'Mwabagimu (105781-9)';53;3
1730;'qZUAiYAjQam';'Mwabalebi (105785-0)';53;3
1731;'vjEXSgXmjvM';'Mwabulutagu (105796-7)';53;3
1732;'Jul3V8W9wyz';'Mwabuma (105798-3)';53;3
1733;'bDvAdsbvcjQ';'Mwabusalu (105799-1)';53;3
1734;'I5qffpu4Bwy';'Mwabuzo (105800-7)';53;3
1735;'x3xnwjM2StF';'Mwafuguji (105808-0)';53;3
1736;'MB7NrOWpUJJ';'Mwagayi (109687-4)';53;3
1737;'Cg0dkdjcfpg';'Mwageni (105813-0)';53;3
1738;'xRkmc2JIzQV';'Mwakaluba (109780-7)';53;3
1739;'OgJqOXzBlTM';'Mwakipopo (105832-0)';53;3
1740;'TtmhMI6IQCB';'Mwakisandu (109651-0)';53;3
1741;'Hl1KlkUpztK';'Mwamagembe (109770-8)';53;3
1742;'XHC9cyNEDCh';'Mwamalole (105857-7)';53;3
1743;'AzV4wCGrimZ';'mwamanimba dispensary (108878-0)';53;3
1744;'S2flW00Mw9J';'Mwamanongu (105862-7)';53;3
1745;'jdUdqjSGLoe';'mwamanoni dispensary (108881-4)';53;3
1746;'Yvldh7VZOGe';'Mwamatiga (109821-9)';53;3
1747;'B7ZqonAq6Cd';'Mwambegwa (105876-7)';53;3
1748;'lGo1v4VaZAV';'Mwambiti (105877-5)';53;3
1749;'jlsjjJR8GZV';'Mwamishali (105885-8)';53;3
1750;'refppYMEpcI';'Mwandoya (105913-8)';53;3
1751;'PPm90A1W3Ng';'Mwandu Itinje (105914-6)';53;3
1752;'ykvWutIdyls';'Mwandukisesa (109823-5)';53;3
1753;'h4PJ1HnwliU';'Mwangikulu (105932-8)';53;3
1754;'rnHWAvmvgpg';'Mwangudo (105934-4)';53;3
1755;'OH8ZKX2AqJl';'Mwanhumbi (109695-7)';53;3
1756;'flCw9dUcMIo';'Mwanjoro (105941-9)';53;3
1757;'Z7sPagt4Wnd';'Mwanzugi (109681-7)';53;3
1758;'NK0UGEoM6Zg';'Mwashata (105970-8)';53;3
1759;'GTdL6LwqJDq';'Mwasungura B (109342-6)';53;3
1760;'ZPVjJzX9feB';'Mwaukoli (109778-1)';53;3
1761;'t7G9Xdlon2L';'Ng''hoboko (106378-3)';53;3
1762;'Y9xqgM5B3PA';'Nkoma (106531-7)';53;3
1763;'u5TWRKcehPd';'Nyanza (106794-1)';53;3
1764;'ryUSKs3XxgV';'Paji (106953-3)';53;3
1765;'BbMBm54Kn8y';'Sakasaka (107237-0)';53;3
1766;'fBKzteibyvL';'Semu (107361-8)';53;3
1767;'h7kaG15sKnU';'Sungu (107670-2)';53;3
1768;'uRTlQxjTxow';'Witamiya (109335-0)';53;3
